Depth_m,Porosity_Percent,Permeability_mD,Pressure_MPa,Temperature_C,CO2_Storage_Potential_Mt
2126,12.867670843553821,291.7776200352863,12.988229123410797,53.347789998717424,161.25904665291944
2459,11.155952404844923,287.0091308921184,23.353225039542615,68.24958500023315,190.77780344061625
1860,19.735679253629094,141.40374172941222,14.311143946983696,58.43149250500667,238.63803619601418
2294,6.680583532520785,74.27578491537565,15.516789816342293,55.20488151065066,154.7196701697379
2130,10.967833985686124,170.89405362954844,10.871379281205247,61.39254568757953,246.14166196420496
2095,19.54205649913053,102.05735449595261,11.672683184819146,74.0433732866886,217.91625683195628
2044,17.982606888409705,258.4853266707385,17.737928540684923,61.76280730713718,213.13759776433767
1121,17.256081064239197,153.82991796133567,14.013890150919572,72.52308947633168,177.05592564879913
1466,8.868542405674098,342.6830602579745,22.532203386132913,53.76458890397452,174.8791788739177
2238,7.563313810850987,242.2916232035996,10.220400829824307,73.18314258995238,244.20582194885955
1330,15.029648298866466,296.7441690903083,15.686410730079043,57.10799974719946,179.82724542341228
2482,18.94063983691379,89.75740182255453,15.06018320153639,70.32179389666618,227.55052967189994
1087,13.351443395208946,308.60434468178676,10.289914463764015,66.9734466452299,189.3121798207079
2396,13.574190342048498,326.8271571540183,11.865525985007654,77.87434151635063,163.92540707847039
2123,9.199686404904263,196.11857564568078,16.20464012377953,61.61967553925942,151.07152976953589
1871,16.542393997879053,231.87588132529322,17.3929687667117,51.98495566503321,204.42573370152508
1130,7.80565622836285,279.44294027089865,16.064346208823036,50.574664566537585,247.57788185489326
2332,9.855188546063655,102.45158817812376,17.964065176181407,74.8057568291826,186.91361938092047
1769,11.381546579246251,200.76982293903274,18.926975123585223,65.74206912984296,185.71923339930447
1343,12.614155680266826,169.59890833169393,10.148857316917535,73.25732155504848,184.40916178494422
2437,8.636145986226204,93.91219764867473,16.96142739180256,57.03276800034544,202.05438373048585
1805,6.722552371088053,160.26032668745944,24.452488613313825,60.35251236539701,194.06648834242935
1385,14.159300636624488,70.45169281564807,17.78548420194323,50.903116166339565,237.99146267270146
2215,9.329458298603836,57.74357208484609,20.163134011884296,78.84476973722337,200.55207917234904
1955,13.718573321339184,90.54988674644683,14.677957868753248,70.0360372010244,200.7757838188569
1276,7.315440729113035,338.93453347675216,21.609870672291436,77.99615263277919,163.83715947205565
2184,12.217101527822262,214.85886076850508,21.593822228141725,57.964892222872166,248.2739540910386
1459,12.988841488273788,339.746648345966,17.819440714812085,68.34390833676983,174.99728908688297
2337,5.777353052336403,179.7493634990396,24.640207349188202,70.35499904877913,157.33640674596026
1021,10.049064172908809,143.5448399255779,11.883253221439801,59.52649100772766,216.3146248975209
1252,7.016220154084614,201.84255885207324,10.254214973343714,75.44327705046891,209.53663701568726
1747,5.950624557091516,181.85350658987304,21.55237317635644,78.41484388700744,191.51456539927457
1856,19.84940348584918,81.69940527852317,22.107333060473238,76.54565353088013,192.2192233880678
1474,9.835307674620845,242.24789440706186,11.803108436808644,72.17200927818118,228.5063921046431
2082,17.148116687819524,114.81145475287988,13.98374249437909,58.32394039174862,169.57126400996492
1510,8.819609821456458,235.8763864693489,10.263285450499433,58.44848126316895,232.02533189448897
2499,15.22254083335894,245.060327719446,14.399629161708472,78.90080961338114,214.8747113895018
1699,16.403417898345296,95.60745593859443,21.597128108780073,50.30853487807076,191.89697737795245
1975,13.934581109117664,68.40488813320044,17.769407915688685,71.48149919726433,195.80286165838686
1189,12.073642828252375,284.2284758205319,15.22143389752432,71.18738487665786,175.66472071860957
1957,11.177613712209027,187.94012713079604,15.576089423594954,68.68068622849393,225.21143326969747
1686,10.23302399814493,67.44913865164274,10.020304385732022,79.70326538260598,201.28747423052678
1957,18.94293716371739,348.45989515093015,14.497007913478537,59.356383072911754,182.08545427498436
1562,17.459291116815937,67.33416829890999,19.696881124568957,60.19915591379745,209.60501157609502
2267,19.47540365999769,258.51056865756595,24.612916657245357,52.368182088396665,249.57344520513232
1831,6.864458352283171,345.10367757902407,22.705912404758493,63.283944096312126,193.52622796565538
2154,15.963012128054665,121.75403126477768,10.353924469682937,57.83145578704544,242.06914007786196
1646,19.075106852315567,92.67481060615884,23.478409070122588,60.30160106532932,184.5016839924566
1020,7.718495992484902,86.41548182672867,21.74797619947939,75.03715370766884,155.4732706924986
1840,5.997444010501662,140.98254427027865,21.705641853564707,78.06453540582487,170.42421063684287
1166,16.116809739350884,80.313743303194,16.86993638505357,55.57199216015557,191.8695143327684
2297,13.617096697698678,257.64840250823954,15.970079394317542,61.175267946603974,171.9634928594569
1387,17.62743165137408,68.6875394390188,14.543735932497889,77.85891686346181,150.02270382182556
1600,7.096585649394342,202.82663844493692,10.985422884315486,51.85425382067668,241.50015377475273
1315,16.929009677898353,349.00905615589306,13.423530452405487,52.77081584334135,234.3879411230929
1013,8.024409800716167,294.1910808518056,13.69905452467037,54.88372967618688,224.2292231486947
1241,7.454839142985568,234.56583146930328,17.261156045653024,67.85638502380624,166.78145956460287
1776,7.463986968964894,141.8760862359835,21.21166609895041,54.514168130179925,162.03635762099861
2369,17.21862080347073,237.16875088749154,17.1071474259692,79.042291443522,156.76047494723832
1564,14.977958310443002,208.1124391734955,10.86766674170741,63.40143581775561,222.4029188772921
1897,12.84598137153679,177.82501516711145,24.36684701482306,65.045538810505,242.88079606878853
2363,10.382457261852537,89.21311302205984,24.140864786411683,57.3997584741622,193.0535820913037
1091,18.158008112196626,315.98126457214,21.777843147226125,64.12880757304201,161.9140671996048
2390,10.886676611339531,184.93539464639676,24.86991852346331,69.85740897911035,201.23928207321066
1955,17.248991592073658,108.38675354622953,18.167234992003944,72.53531410862128,184.883190745863
2478,11.587023628553276,160.3278052631869,24.44152525379809,72.6160424812974,187.48249243499976
2451,10.654166441373613,174.2389257586781,11.134075609251262,67.33673338082265,212.13306241557072
1508,11.940196785044098,298.2613686700623,15.485211223920569,77.13079324981572,221.87181132622024
1775,9.52066811246213,270.08431416842063,13.380719020101488,74.52223541918329,161.06035988731608
1034,16.214140702643768,280.79146809240194,12.93749626201405,72.71144344095876,153.55902308064765
1205,12.540805851387187,53.30937932859416,12.11204423339014,51.66816565041382,249.43303026857149
2104,8.48319042720226,174.84619945392845,19.336204623489948,50.206338866589476,173.2728348915552
2411,18.493618599118527,194.4032454905971,21.719827836209575,56.373418315864186,155.3830524908459
2025,10.758368320598171,55.75768304691701,18.67447599130541,69.90570781740357,168.987532909592
2021,13.153292916709828,127.94396262351026,12.204440643823144,62.33592466647637,153.89578463484642
2413,18.597081664468206,278.0869469366405,22.166856549002063,62.072187778979355,189.18108946171716
1565,14.363569938709881,91.13291171869972,19.539320607455927,76.5376066468884,230.24017844513241
2129,6.753470610625461,210.59303943577748,15.822485591904933,76.86688544395517,184.12444497577206
1702,19.097481854202126,114.56056160517124,20.111954433040943,77.27525792160758,194.41834068783666
1401,14.415620796071268,53.63623239316798,13.898574688642492,59.41634229545082,217.55867735674389
1729,10.023584219856293,122.36043727986244,15.177883127413157,70.73167438217786,200.88940700698802
1161,7.089081089950809,342.7621264730161,23.762287646979853,58.14899543823109,236.14456860213244
1201,16.91037783905444,290.46113356489684,14.357567585071305,55.718294992233496,236.60356750457566
1995,14.301091338927703,337.87299329631,17.049824022369048,55.538973720421076,150.99106954911537
1269,13.001916379644824,196.35621317790873,23.35211706094022,60.26322862590782,227.80463064831991
1815,18.408388745764363,82.92085960325105,20.61582025401291,62.89872859339465,196.07336002416739
2294,16.82895816836796,214.3878466921079,10.93304839247054,74.92847513165205,248.8840541303663
1455,7.275123195991267,186.31320036798826,12.209545664184555,53.596732804181364,198.32320758754352
2485,9.675831016933223,303.3071248218848,10.117623861578751,72.04777542184682,248.68959453882974
2275,8.727337097216985,79.42477423527338,19.463826853437453,65.94364742567916,225.45693612057366
2016,16.159194388590155,196.47234110653346,16.715101381156273,58.63836028027978,174.86048846133065
1295,5.502986521036691,95.01459940819528,12.014122763534132,64.78458753598474,203.83949792869578
1719,13.548345273069748,147.402778067018,24.369011815851557,58.99826209331068,249.2135639478583
1337,16.43688028611036,271.20712321633994,17.9448958591843,67.88245865714919,235.75306077519235
1878,18.151484551426243,192.80543881062997,13.628399411693337,63.01531768565732,159.7366893791221
2076,10.131226230738612,162.7664855437308,17.509053567320613,54.93216587236636,220.6371996809996
1791,17.318859570080193,168.3428835710106,20.194304991026616,53.4974922366709,184.55795858708132
1216,6.659476054328108,187.834030521796,11.143588269603468,66.40087046216391,150.69822618803482
1763,17.696784376017774,285.50496315111707,14.120557225718379,77.0723909985831,190.34809690269995
1187,6.912329934979736,317.6254066820703,22.104482363259905,60.31873059673057,173.47544217249714
1379,10.959309358405509,336.60040595117846,16.89497305603992,71.9900032166787,231.88692705204716
1492,16.959430486693304,286.0710158765885,18.198657130484424,69.759840648193,183.73306088457656
2064,7.248761410231607,144.62206872440382,16.49224003314204,77.94664742928443,232.75236939538172
2180,8.438770928489623,256.44041182596266,10.658499139645077,74.62943051897423,150.05979388347953
1014,15.833788525895994,181.2809372166176,12.486246697302338,66.99815776716389,180.78191500261192
1064,15.800548048191116,126.40118661381536,16.683124581128364,69.71091494702321,174.1165214307762
1520,14.617214493279459,302.2614738277768,13.137781981118916,76.95159399752104,173.3567361068611
2367,15.4092266670065,61.5279046886975,10.74968542989518,61.985563537608044,156.81866197654628
2152,13.140866650213942,320.5285976406271,22.654744960777357,59.803841175733325,168.71242704105018
1647,8.776985883604292,188.44323938742025,24.71788793746174,50.32433250905589,205.554956988562
2495,10.185439902558791,241.16044304248413,21.89714310995109,74.79653222574393,179.13610728377444
2086,7.723965752021385,247.8061766617348,22.806773825570005,74.02942101210095,191.7394782329148
2162,18.626758420004425,318.53532221196093,13.629656954755681,53.133635543004544,187.68668803471886
1592,13.750876921491807,241.0009046501622,24.409404632697996,67.305721433981,237.59049249998947
1391,11.012771251454598,234.18007542801854,12.953885566801425,63.91945094500662,240.52989990105155
1418,11.930087054661989,69.99561216820699,24.271447155427484,53.561272865273345,199.295697165586
1288,19.20925009417723,205.52240658356124,24.922289409489267,79.4170468118217,183.01559503156045
1378,7.300271046741203,95.0507002451125,20.67584208619073,56.440876623900664,160.68007040023636
1230,13.793447480251958,271.23013061644565,24.71715597687733,52.01702540271683,245.34028793820949
2017,12.58833018326699,203.66657624380235,18.543096693506556,67.84542138505728,156.02269449002975
1040,14.171813531519717,254.068333762506,13.893126747641356,72.16600031399098,179.76502775682803
2051,5.271652757312608,62.50187018071528,16.554938284984313,50.97330338141561,179.80662011700042
1134,18.081858634162273,75.43760481374096,18.903414030681787,69.76152916181067,182.04012861402148
1200,18.981774237254186,264.8970164188047,11.096223430405225,65.96875627854364,166.42868432724092
1779,13.476997753838134,71.625300799602,19.33514896925869,53.09795026625145,228.3161430923697
1929,15.449762358153384,71.37701832957758,24.717667551434417,55.17571630839086,162.24978619659893
2056,18.837490717659435,53.632542570466235,12.851614746755914,67.03922891948241,213.49066591531627
2071,15.60857951470098,336.950419489844,21.88892674432575,58.89072840539865,162.38460267058176
1502,7.28808564371392,271.25250783770207,23.618481906694292,78.14947185953949,157.05356375929566
1406,13.644325402502197,155.97542255061924,24.155523892303314,74.56220688452152,240.94295036858765
1804,14.100725695742838,138.96067438629657,24.402034066081708,79.50701619540989,169.01287663187057
1098,11.36196006953579,154.91096892375487,17.82189458082208,57.79012516851242,232.1250154559704
1683,16.046663534370843,282.3960593543545,24.659618619872553,79.09170898393931,204.4630871107136
1725,19.01550522153522,248.41118332112433,21.359653107016584,62.937016093746735,157.78565196087695
1960,18.883527693601643,105.55867036024038,12.425071543554429,60.42556385941264,245.54481914380676
1612,11.762590571061981,102.2328006002253,17.15350159701955,51.5104858090806,174.69611669918925
2485,6.698570687611329,79.51869491401919,20.774967630580058,51.58295773578808,235.96453453526067
1642,19.77261798443502,248.09081591040143,13.710104737286251,70.76033767839964,166.88100057845642
2028,17.583471296689012,279.31179866652076,19.609227753233313,63.73786983302084,235.39428821418528
2241,6.869940218049003,129.5139284975012,19.999007185699288,56.79564878108317,151.3228812905294
1502,18.812628239260583,56.28348830927384,12.44049615712849,68.41910918975698,201.17804565694806
1766,18.048445430931924,74.65150024292821,18.476279686791344,57.585743547503334,226.94425794215567
1397,12.78257085689108,340.35801045350917,21.574403664679117,67.32895263033268,243.47955174927833
1870,13.869131536173938,138.63343324322608,17.483434968039127,60.77626240948071,240.92021362064872
1794,10.985040558051953,280.7669443514401,10.181546751641612,74.70656679835457,231.96248695476447
1392,5.82142458233047,237.39907065627912,10.135577036189382,74.62088482300338,238.8191349661304
1206,10.027958624688514,164.58189189586875,15.355440159550183,64.32051194367205,169.92196858370764
2038,17.042801728970172,111.70617865866653,23.89291102647673,60.52457328005047,178.41842957117288
1891,5.069480345069043,86.41592544782193,13.430151694054132,60.87679389677284,178.89685249210584
2484,10.002487575367162,234.50389041166,19.51545533307531,74.17143577004654,187.70539310016989
1863,10.97253040386415,282.3901341913364,13.331138060399809,59.845384483928356,189.33206703851886
1742,13.060934044068842,243.17127606233922,14.825049844893229,56.27178121120538,204.45553246546754
2264,18.797834246191407,209.0906399747475,22.72063134402226,52.540650256259205,165.98797633664412
1563,10.195189915489419,62.58536702949088,20.9329216340492,64.00079362653226,219.12466637859893
2020,10.204298028443414,340.54663327831514,11.430989159698159,64.46396296759525,166.75665393045065
1095,16.062518721646228,289.6142574963724,16.430530314796506,75.22726131208722,181.03084821045476
1484,11.783269113347107,137.84661101028942,10.437546454678968,56.63716089338192,200.3345130606154
2430,8.36907234409973,343.9910988076552,17.213352199045133,61.429738210051994,229.64405615234773
1230,11.7865927419904,230.56447689089663,19.93651017551602,74.25217216681072,223.94692332387274
1748,7.112855305696998,224.72679746217395,11.777539353972273,74.7087083224692,214.55343564105223
2194,7.64580479759335,274.4219538288596,14.333274083637484,61.53833227936305,165.577326058017
1540,12.475516591092196,293.5309364270413,15.967549382532354,63.77372069860043,204.70453456155778
2059,11.28388174256822,246.9435821994508,23.792965369840747,59.09857672547849,158.74465017998855
1524,18.7226885160215,88.42872390986001,24.89882523134446,77.97664635257937,187.7363176796651
2183,10.435908486749497,151.4802517983495,10.673669484934237,53.55931297224741,191.3516530289959
2266,13.708825254170652,328.4250920978149,21.41511885243088,78.0124826900441,153.9811439445754
2109,14.483964318792955,117.38468355315558,15.575860996035148,70.5159935550603,177.39880994699718
1577,5.196416848825004,161.650107151254,15.886872793442201,65.94716458060194,245.56494672664894
1681,14.953060580250659,179.6230648832588,21.31397460020534,50.979771823534875,245.36326078296895
1556,7.670539503046271,181.82149690833566,23.776396482181127,64.26788575466026,185.23270542525393
2012,19.416054762041828,233.88187474835766,24.263928917538227,62.23244315008197,154.3100108948324
1645,7.2299409162966946,332.9227513234123,18.65683879057481,54.83656435925368,167.90949393281815
1795,11.219361855905355,122.20781354975149,15.356817389507542,69.69228810501971,189.221779343354
2051,6.280245021179658,86.45041289027542,21.813236287881686,79.13452722104857,244.77796979692297
2363,19.95311377768921,109.24114695798119,13.765020748934504,66.86566433193576,164.11990635371848
2354,12.532925154968638,316.07747006278083,18.461110432502764,71.44259829331838,226.3515843668212
2371,13.930775259800656,243.7432437965618,15.378676922873098,52.05351357698051,160.8682539374692
2496,6.006147160826412,135.77203677174805,19.84946610561814,62.530009874509844,248.12575773912766
2254,16.249407055987668,294.78408169058514,13.605983693402603,53.490754554934874,188.1616499109135
1189,8.148583896433786,308.4109989090308,12.873894186022387,68.38387506609531,227.5234538899056
2248,18.470814341610705,303.9543016070834,23.773586300131555,78.15446474642464,184.25910828111319
2408,8.077094607230109,325.67796009186634,11.527055244243053,69.85333197414916,212.76688771588087
2400,7.860315809954999,125.67230605200848,17.589368616023975,52.30409144943265,169.20160847400368
2306,5.548245017721423,276.5125786238835,13.312791744445134,60.639986149552485,164.60210192969626
1632,12.081004176649989,188.161849182242,10.583949449885012,66.51990138322554,243.80641395681312
1627,13.472616998939246,302.59956586701844,10.540282274371396,62.09623268399757,241.76472779044335
1972,5.985629591425285,268.54720314848396,12.62832658158741,75.00932031425518,238.74689402128826
2282,16.63291425042516,282.93423394991737,23.001555317590004,74.44013014129968,212.54334501665934
2382,11.799332521220414,246.84855130432146,14.2371811596554,68.35493060309665,230.82682112162783
1709,12.8658540399137,103.22863084091206,24.256887558629437,61.20373835398116,156.9036936911375
2479,11.611441204073422,213.5080756690815,18.724334394837904,57.66009121289733,183.47890418906792
2434,11.01144591312989,345.40092185735244,16.54921284653149,53.17622954639388,181.37031247571562
1648,13.394604969623268,331.2164199491357,18.701332520041817,60.646930504596625,213.56453219526134
1317,7.328603688960688,62.9521207391035,17.750475778394016,62.39517551623159,185.59577734706406
2248,7.728921957429067,99.44444471883114,21.381643806359875,70.27468775312221,164.85067816436808
2257,17.92678431520276,89.51863203636857,14.237440989592784,69.7447947289272,209.64670754135437
1683,19.19173193200449,267.79397299558866,15.295755874004536,52.10324418923771,231.43839206690814
1663,10.599639744196294,295.33559895708356,23.41141453799876,61.85777946293473,188.21234944599732
2397,9.061170097153306,114.05340989320158,24.196847697256082,55.45336601652086,163.22687150984817
2495,14.659993148585237,201.7558078855487,23.388373412297117,54.70438115950417,169.6688197312823
2256,11.131012566471446,302.21090840336,16.291719909359703,74.81906449211738,173.7483305169384
2136,5.380795334905173,269.8404634298752,21.705482545103223,51.257456501487724,179.98975929945362
1441,7.342288960492855,212.6711616475545,17.14503599951648,62.57548627706364,214.2795070506309
1563,15.739583432710964,227.10430713763188,17.463097782191532,55.04610967299555,210.0945484537719
2291,14.88385912865227,202.50816407488398,13.07020163585926,76.37990647035423,219.60798615670393
2409,5.406439887552253,139.2645353956462,18.866954548877747,66.71121539825106,186.2501984531513
2410,8.329582428994241,219.50659785770483,12.79203846630022,56.94141909130544,232.39976518799784
2136,8.46612194882107,256.6655906150272,14.973470486007907,65.07281861499129,170.40876611557604
1951,15.078391153980926,311.9968747582423,22.825453024299026,71.94459079109347,196.9040747518154
2104,5.295658066315462,240.8874061937744,13.106137138162829,78.74354026758301,230.093872154143
1698,6.561628729768607,278.3364611129474,11.067374277601491,56.61338012736257,168.0158647732619
1112,16.99874128059784,98.0214904863719,11.035113889192244,76.58545316388035,160.9863113740783
1001,7.678169930815004,188.46724232593698,24.11176780754662,78.02912342502471,238.36839676879896
1641,14.79119161777812,52.79948594812799,17.60380656942752,77.49261633596198,184.29296627591958
1219,8.572741715700898,124.0036593564869,16.141181077255276,69.0624307058573,218.3870124909032
1854,6.491620891390177,267.9385145339014,22.163178715118775,68.89461963304123,152.53486042639383
2248,8.647582864991811,347.54298540480903,22.53738891865774,62.09631899551468,219.00468884094497
1384,15.834003977834888,79.75342987616477,14.98286549673407,72.57193646911364,181.61013115469706
2426,17.835447021594284,170.44829475838648,20.404270862106927,65.93882055052796,155.57408535874418
2153,17.453297968504874,290.02129060974784,21.5668422377783,70.32314213684883,210.9812761548117
2076,10.957752944276823,111.21069038866966,19.819760302989316,62.853737115463865,174.08038160731732
1729,15.021277048559693,216.52548479068588,12.273926122001491,71.94489392129417,188.680724205188
2439,8.074764431237314,269.9213888089024,23.138246252755856,74.73414552813648,158.05808122865136
1246,9.397215953915198,234.79563507805372,18.086418291040133,54.393087698084486,164.71632510949453
1835,18.445037277816795,106.40742038462484,14.237086395550055,74.98789146722685,179.79772354958436
2462,5.19502885266104,156.6153706057218,16.37842278156541,66.20889595370922,158.9759500560157
1202,6.282627962817021,285.1375353456192,10.56356635598361,75.33997727270673,241.08262646863153
2207,8.11829382719041,216.267954239605,11.918002018336264,62.93905119023044,150.60470431839784
1122,5.397983058107296,51.56888406287382,21.48320125773791,61.37121456149105,198.38602188643114
1400,7.7215315263469595,278.2972280084282,10.000174521330493,77.45182197551668,162.32474581325513
1766,13.745623414545383,60.59340648207172,16.248487427234384,57.53507802645204,180.76790894779487
1293,11.32136825888747,273.7201348193696,17.837652716283827,75.32636975858429,242.60595598182655
1279,18.390075666154623,110.74416804957121,10.819516300014584,64.52061717528213,166.16945532739868
1883,17.261653426076613,337.42204403581405,24.596172444584994,65.4228632765378,246.58323197183324
1197,10.127260275468139,160.38222539062534,13.39187996874508,59.25404844468452,170.57943769894217
1981,8.891351501469387,148.0794849014237,14.562980794544213,67.19126601857047,224.15661084668295
1751,10.695386122509003,94.6664150997334,14.55913768382541,59.75633588828634,204.66772648973117
1143,13.854424137722116,141.68126464706447,13.456249931760249,51.17808242724957,238.44787275967593
1608,9.020954612343143,312.99522854846015,10.022107331294672,58.15995816033068,205.3993255503131
2224,14.36223361773701,348.9003012881742,20.940171911319943,50.19137130219772,203.45592191563088
2147,11.141174782868607,160.4928591520545,24.50268249698928,79.35064361170569,169.54580003683998
1186,13.280707712779703,184.58318928636277,13.364402249275676,78.97241629459242,166.62293620516587
2349,11.54189793702975,266.62128146082114,19.945707877051337,61.85465892416915,241.64891511155142
1463,9.416986393128765,315.85873413952237,21.12844490438073,71.85112563018939,182.78381988500342
2372,19.22679960443235,227.91330025603526,22.72638068635787,60.37418295231275,187.2082254962896
1659,16.454086912396413,167.4577094533488,16.339437955204136,70.13279471257928,225.98236584283885
1763,7.101697636496788,173.78655225458712,14.543963584606438,74.16290129137937,183.88234824228073
1954,18.027019638468694,258.68544394904205,14.879427010345466,78.40268734076722,245.2062446639003
1402,12.311467973742705,50.965479081283604,20.689319996477693,62.00636827549016,223.79277689988004
2369,18.418283403411372,235.8768012379522,22.25169199758454,73.49893948868143,209.742924257342
1146,16.997828839209728,156.64790313240724,12.72420951634904,57.97785351896356,238.08951605447527
2171,11.378202567038501,288.2591993831253,15.564115122366477,79.70996911380945,154.96059083494828
1863,5.337039624801761,77.89719194693964,23.52910295123725,50.77308796293053,175.70626921892088
1488,9.030160390774192,226.46068008451715,22.10040279542109,68.10586419503363,196.50363342209099
1928,13.124513219913004,194.29186696583713,24.772876041437137,69.78517944953981,172.6978539471521
1550,14.50217329739221,242.69765777156823,21.313723895231213,70.64136671222386,224.3905187302152
1337,8.868315281498035,69.4560783448905,15.897928015418834,53.61162736367267,241.9208031053725
1871,7.090341111092362,223.99513622843938,18.859567509919565,78.15589350419391,192.37701199309234
1640,17.523953551989486,218.44537638785712,19.915213813709805,55.43549837150248,184.2132600111895
1472,19.766032710553283,218.19802832485126,11.17683724475686,68.68260209719523,246.15507321375662
1150,12.885352734540287,231.04629997893645,18.167454386557978,56.68028237369255,194.48524328275408
2438,7.575189287724553,252.94038116790867,20.639812427089144,59.216492510638126,198.90484004492833
2321,9.084609897790534,291.4966999042309,12.509819560015906,66.39375625184373,185.16498723419053
1262,5.275860148212001,130.94621603846429,21.70947576138336,62.515802556937295,240.95484730121382
1143,18.714482098407487,297.5148230540186,18.756591707711674,54.806768029295185,206.89554832818507
1345,6.766266243352117,199.4767046790361,24.28332678546392,55.12809207262545,226.21745871816447
1623,13.647747132713803,73.11748374029935,10.636334473103375,62.54434364488399,231.18067183508862
2016,9.11082831030809,67.56527877319377,13.979892063332004,72.71848934826502,184.18490419172582
1880,13.3126700377369,150.27149560881824,19.02330818949736,76.93893940543366,193.369433132038
1001,14.771305825277963,285.46909313344025,14.44839868308896,52.52382986778149,234.84717744062647
1896,17.446127055608024,262.3042804222747,20.716362461068634,61.79311722678203,186.32553516758102
2327,8.09631907640905,286.58448940172195,21.385079237828965,53.0073669116863,229.3935133451851
1253,5.164937429877207,205.18071693248282,11.537739460997116,50.49777441897794,244.0992322574437
1452,7.053284451032109,182.05969938664717,17.707816963101514,69.85156047931869,212.3210373068007
2060,18.500279627721575,94.23575801188518,17.63335833386584,68.07348325899764,224.16272874518887
2183,18.108351163437728,148.45782608279347,15.539211553233116,54.890573414446585,230.5097312041135
2014,13.961196532554624,180.2058098521626,23.99387293854508,57.014384992791925,234.50396488966425
1008,14.0077529065048,76.58012890388517,22.41259479809832,50.71123260933555,189.5053337856796
2256,14.975550118193832,116.18358581336338,20.45814072864455,75.04841617083211,155.12634591759982
2122,7.630569179351744,229.46758821912164,20.714899536024966,79.24071788145655,190.18762712367396
1815,18.7161791888744,270.6989342717569,16.925742157196787,54.06378610384073,217.37562297840898
1207,11.281557873381097,349.5042534178849,23.814917816448638,56.94425641295894,195.03503857807928
2154,10.747077923742463,329.9339994030673,20.41893140879928,76.05228571840803,224.89631508603986
1403,12.783765579242562,242.76955986055745,20.93471592483725,77.79391393868555,185.6982429468664
1151,5.704489501625826,176.37441598822159,22.92536355681018,62.58882148420431,213.47441411040296
1053,7.494250531341191,240.85320941246982,14.111073840132864,51.51867416807222,168.64198048539745
2143,16.070504246395558,285.6954854240696,22.106063558000542,51.181755010784585,224.9369436644957
1627,6.241980018876897,85.5008572770162,12.92860904434738,67.21849598207031,204.56959688130257
1586,14.047281641995824,172.97146690888647,15.180129283673317,61.78685326679537,170.40643885466005
2443,8.680236645219814,301.9406856906852,15.034156814047641,50.859572827329636,179.1911173497807
2445,10.839434210629648,165.1498855799132,24.677882025837107,67.4975717693767,224.86087085818323
1103,9.330406051560498,221.56168136815597,22.848058356218903,50.33907609767068,198.26012356615206
1253,10.335090746974238,226.33080825865946,20.517547923853897,73.6211587444782,171.6031440393072
2250,15.785688577763683,105.3428759400918,20.905851424230853,59.19298468110115,246.72711903702975
2135,9.456825734347625,158.6706324956865,18.431091916038568,51.207740090276964,221.51250198168879
1509,13.496069604453458,150.35338662257965,24.206360006627786,67.65056662949459,245.71348325397963
2496,12.140756032986495,57.85901255961944,17.44388129323542,61.93053243299164,192.7105045360343
1098,14.955067480439721,57.257529167406574,15.707765648048419,79.21401240071448,197.51003406917204
1152,19.05244608987137,299.50911310273204,12.445530053973865,66.32595987511107,239.79552161850194
1913,15.988581458153755,131.9212429918437,21.79308478391587,58.25717543111025,202.50493402453847
1877,8.224105678861351,205.42362987164464,21.016658981133872,71.28316593901924,220.7278911905667
1337,5.46774702591927,139.61767207663192,15.765325577862022,58.144760076281344,175.217287749553
1821,8.933960664497377,332.20377353460213,10.37790120938844,77.12729874222696,194.67264687026406
2186,13.926168960503823,127.78902765973213,22.584959915770163,61.241659115221296,162.3449865810355
1956,5.771387202263755,178.8970438216805,10.171269751811105,66.49605688328616,170.59800358769616
1160,12.445493708018546,311.81907514538057,20.555496694435764,51.517193114726865,150.09434152676312
1800,13.952642733753338,302.58007003754255,24.553856645890853,62.783637138566924,153.92650516486603
1397,10.013658362254413,105.83042535388319,16.56491992222305,74.97090618982985,247.72838231769293
2300,16.56368305618733,290.79299293871316,13.52460107493929,74.16946416090026,174.23536951367623
1815,6.598973797006577,187.4560660213678,20.573065150650727,56.729556765605786,216.3310709504002
2415,6.127066726037132,194.89066162560655,22.256922130233775,56.78237213031688,233.90996987996115
2158,15.92283134305405,90.04399172478313,18.19645474116771,74.5191593663971,205.06604592365642
2218,12.432369743092977,74.1804541271374,24.50552912884219,77.91195260507976,165.31445000839562
1400,15.32603594641604,268.38179209212956,10.775030824869416,52.86082763819011,222.81164373361662
1639,11.522410079056193,198.93834570658993,17.571933974567923,63.501759182786756,210.0251410099583
2056,8.696030498586602,181.05521078455388,20.77680920983825,60.12362836892687,223.12505893473752
1687,17.286534765112997,268.852468595719,22.939607067237684,76.12065366372317,226.97466228570872
1459,16.991238184534687,279.65386969733294,12.688834178616851,52.50574744040056,247.5410367684745
1954,15.420447062816402,97.67245030080608,22.00005222645522,56.33377827674112,207.356328002671
1469,9.08217705844944,233.06754484329238,18.290606135778177,72.57405012759483,184.1641112690602
2398,13.853460003036307,90.60622468330565,15.94830522984945,51.538815469436464,214.8464556900237
2045,10.414608454100403,275.41252580871367,11.975725428686403,64.77606142142868,156.8440709242626
1749,6.373731099899512,247.08654688014187,22.979436383633686,63.263211040391596,239.7397318321586
1037,18.75970363193364,336.9843863250374,12.35909812269573,60.03203536966246,161.93810113381969
1229,7.052279463784421,70.68740490692636,14.64681788813649,61.83716945956771,182.78428378858183
2388,19.253560307312036,67.1164163453763,14.350682979436552,65.89821760790699,231.57453806261208
1562,11.690086594369337,134.65612240796003,23.071210512862812,54.84102075165149,209.7312378330712
1437,7.776993932579295,128.5117051207718,20.09054491313347,67.15987634850778,189.36355202774422
2306,13.128514210675371,124.09363972159994,21.950220957870584,74.16296987899959,197.34356593750215
1026,18.094187538146123,321.876374156311,13.757018481887485,72.80482789370477,235.45473932021804
1225,15.983373296143418,124.86385995485183,19.373111494104982,54.61699714081321,184.00043860598922
2300,17.098417217921746,131.58491783858932,18.576189747156228,54.47748409224422,236.9649684812171
1797,14.881750500660761,277.8194787253891,22.492455651824066,58.0452310323474,158.81344309766914
1283,15.384148467767787,184.921952735162,23.59130590721891,60.832241790231116,227.67984372086306
1878,17.73793477347979,283.0131670865544,10.182351572160803,62.25366744225448,234.75476330547363
1959,8.745020132887788,69.60984726931557,20.110298785881888,70.39091650500036,168.18176528373388
1452,12.341374454647108,196.27135810201528,10.777536986795935,51.700412964975065,193.03465323722003
2019,8.318141627294033,60.08408005498479,18.23287997616034,51.04018112678199,166.54997746636556
1815,19.815020119949708,68.79596103660636,14.314490935655172,61.75731688831727,220.66041289942177
1658,19.160890095299198,321.9312360033233,14.601648992832118,70.91491076413942,203.53477680616567
1546,5.591402170527589,91.77361133527855,15.294377551785349,55.803060288694475,213.53233467083209
2215,15.583627587735327,209.72620468256514,19.319386735744153,69.24513443768755,169.6486966956211
2072,18.878724761234988,173.32868078021198,15.010749485031539,57.79484413820899,171.17458620524195
1016,7.7086301769100025,154.20299787765282,20.990485758854206,76.58258326440549,154.14973255099065
2195,13.519178458289442,319.95000370618175,16.067910783608045,76.8706983279985,182.20675351957297
2243,18.73232446382063,56.54701903264685,11.025298004649379,58.918616128439794,205.97446613336749
1157,5.509189678786982,249.13690585267673,21.756397637261607,56.899812618897215,235.7934913997329
1476,15.461304008702598,339.0183302640651,14.28637486889059,62.339119161986936,216.69274474586808
2069,9.460235110588261,218.05045503855257,16.49150319398894,57.21594755540446,193.53963233997513
2396,18.865942930647954,331.04673860992756,20.281658248328522,70.1715152987511,245.31201143941377
1517,19.565873677480518,65.67736378580713,14.98684235723068,74.78194053644856,221.92452005758318
1098,19.16399733670151,175.63799572224843,10.848784842200734,70.19276392733651,243.016520286255
2060,12.113213249861957,128.04733728861535,15.608815705192203,74.73051341748048,202.75879732721657
1279,17.930639764839704,269.2462894942189,24.166728740414552,61.90976486622422,175.89042747931396
2372,17.668240978026056,344.389127149174,19.626015959478373,54.68950912126583,155.2826686364722
1496,9.786507098648833,126.95901873327435,20.072187230008105,72.13852842192776,222.60848514838506
1301,17.43373211226016,246.25238044222235,19.4842323045646,60.81423515424662,162.13029980055342
1180,5.555114520732389,109.42928982792205,12.984882084391552,70.13812475687398,180.27751282719672
1606,13.944048177230796,219.59907637148297,16.2750079615342,58.11931825945297,203.24709078838976
2122,8.450132559315545,189.17974600650086,21.264096975449775,52.43688904420018,206.44165877797477
1699,6.808503286659182,341.6015988894611,11.520593463297388,79.7774538646329,210.0583196987136
1992,6.154298024438138,232.55818180893996,14.167791641345683,54.68604523791798,166.62553303497006
2139,15.444331638172097,154.85191162604565,14.144786626987804,79.65262981890443,187.97374048216489
1190,10.098124456520992,84.22873546638002,16.48028391391759,79.31839797699342,211.71942271169667
1252,15.871501572931422,95.37404862048037,24.705531114132775,73.81454311724119,246.9818864633785
1980,5.9803451119841355,117.59507898537052,11.012538200257328,69.78268886245993,222.76311376996887
1927,9.729355067459155,125.2899984020894,17.780514915708928,67.33421150753254,242.2603757093958
2184,13.092369385630057,305.1848173523414,12.690470230183157,75.98304636133504,226.2212058314177
2279,16.860847472584453,218.36683648475747,24.56014818114616,58.68318564858464,209.17169688924005
2346,9.781287543981048,207.01727341230992,11.699552570911964,64.03043637454631,169.20233691363444
1127,14.388370646555137,84.43066156076524,16.05401503542387,68.58169908099507,216.6685651892513
1017,18.28966622354281,308.0419080048305,21.068274772519093,62.33571427608473,212.3379565959907
1565,14.237947822734569,266.84429096254513,20.56831642041168,62.824593622708036,210.24691704572666
1569,8.494392121304507,70.30050857000047,16.340929553408984,59.908540025062536,198.97858679882407
2346,5.366011723348071,262.3505291689306,15.197862519290773,66.92695450053608,202.86566039892756
1685,18.05148310851395,213.0614652027938,15.96418567829306,75.51723584045348,183.4442527118104
1625,5.319041162755807,74.51760372403348,13.96414394737959,56.04585134018939,201.9312692642303
2311,18.12052509026299,187.49019245859694,13.079994080601997,78.03299116260324,169.75559056784783
1853,12.93405701040818,195.4088861390141,17.24559546338335,70.67262961244688,230.51743973603766
1961,19.086015477693444,99.73236204898272,14.028006341014109,74.6981963804009,168.57769546987078
1154,16.981748536604982,333.7094441000847,14.311924973458751,66.68572077890035,158.49662898894664
1489,19.969011658000063,304.9926114441986,19.851340952118356,73.3855010427219,193.62460263571575
2409,10.260677231775652,250.7067011987325,24.528059975498383,50.48601192018402,215.83074395060618
1784,16.5078243339669,188.68866830018217,19.05455800839063,74.55141274338605,193.77168249335415
2127,11.028963704138633,173.52966247535255,11.154692005974495,51.204165772561,177.67541319513086
2416,12.198134304558632,245.29204014528625,11.133754207811005,76.69740129088588,205.81711838904408
1245,14.412581948275552,213.62956082207165,24.27134831268349,79.7588824171593,184.70023354122
2199,18.10515671279508,68.68193176456569,14.459361854610005,58.822023865303336,243.2867690126633
2062,19.76125203798943,203.7507946310995,11.381004791237132,56.30955668857381,242.2645139603572
1758,16.524101207967774,291.92108516985184,18.985668807255724,72.96090091574122,200.23718199720955
1537,11.266501732510006,187.77196327908743,19.354731674353992,57.5907902276076,182.78839940182584
1920,11.320355034156051,65.58697326628052,19.72757230178032,75.9668714951661,223.7132413956639
1407,16.06373452383337,285.8834598152099,14.01103041786312,53.0852777647243,153.67129434830667
1524,8.581657186524534,110.40913464079232,10.226660263217125,53.77865589138075,197.47690060436514
1827,6.65711169697092,127.58625046641163,24.475230541817076,79.37454665301847,183.63233942703334
1902,10.319332364611647,99.41190602968877,13.763395685366538,70.21516694810015,242.05358851025545
1035,9.308584874811226,149.06451946144927,20.14039432078821,75.40661673286859,151.20030272726825
1684,9.444621806839852,277.0254517065905,20.599448048180644,59.729881320545545,205.2814875718349
1019,8.50411626574865,205.8157578511812,19.150111256192286,70.29451248561813,224.06635810666262
1320,5.631397844545428,111.46438224521377,14.693610913204722,67.82725481925792,198.5017987524041
1511,5.268109021001207,313.34902344561226,14.066443806460986,68.09450360368841,158.54030301627216
1399,19.81583584604047,313.87455648545875,18.965024240540547,70.47597378613165,247.24613900279022
1653,11.416597006037936,311.17352751380207,22.991434504175373,67.26077519387296,201.80104313760978
1971,10.764899707395225,121.63886341446178,24.201005933850933,62.87187107907998,211.41862443190115
1470,15.194709240396048,185.37180325429642,11.588587066056364,58.277680831416404,173.66097827075072
2166,8.273808317975963,345.4968968422625,12.322429188965797,73.05743992739606,198.3498085106804
2115,19.24941775925338,281.6037428929971,24.171043881746193,56.78817290009559,192.91494919583218
2377,16.795175216233282,58.15022636766795,21.04802842502189,70.77062918463243,157.48958420019838
1833,6.341165034683893,69.56137737814761,23.244907372446598,56.9999846794798,160.6160353547467
1726,11.263711636773925,189.17941304369984,13.039489512030148,68.75990509863362,233.74725196187745
1853,18.18677461343247,322.766061758468,18.813788066641028,72.41234801387087,173.98199522065903
1050,19.170980334371155,211.61053938581426,20.517093916262105,56.56141666719618,169.49582714986306
1574,12.011022668748046,199.34375241028707,20.201678281704588,51.79829902583925,200.49114512501393
2213,14.201170838160616,81.64210998698917,16.122275363000472,53.92921228982522,226.87471313625127
2148,7.505509191381128,247.03403141728822,10.230923375369628,68.17990901813076,156.1946518578988
1149,19.86752939205465,296.63094818006766,18.74389085206395,75.48339218677206,207.68079196382558
1313,8.475075520751652,164.1260022522687,13.796523087694132,51.34990463706273,161.92104428405733
1569,19.140976612026883,282.6835552775982,16.753813692143353,72.02453777124938,153.64610508256186
2365,14.744699734885527,339.3429961702435,24.36371522625726,60.23955937850157,155.27439521622173
1304,14.116051923182887,111.12993773830672,15.98552976463652,64.35585109758567,233.41641082084413
1681,12.69032766524763,206.9988893584224,22.5970240999664,77.86578649536696,161.79724836280616
1837,8.46004717576638,136.14138742537267,12.828109086238767,59.959145142075364,154.5151364412292
2077,7.6479204800826235,287.8563257101518,20.086907470375433,63.960108018184584,193.7899887142912
2002,8.30729313605263,223.27800976434725,24.65510431658415,50.410472442820435,234.39934719420248
1443,7.796573932163818,240.37472526509112,11.528396513094052,52.44796160014515,176.24083764893018
1612,16.6937671035013,289.37424788476824,10.12479913340788,57.75774773404352,192.17126175259165
1992,10.25187888750095,168.79114179873648,16.503741889489216,50.83556722463223,153.99225325637514
1263,5.8676401484509455,324.527020522113,11.389382245770507,68.94125978144753,194.90785141348758
2076,19.53653945211217,209.90866017384198,21.22576524514347,62.79195070404867,207.76130806371336
2003,18.256788274451385,97.3864468506044,23.718229957728383,66.44435608184065,207.09070537521447
1004,18.916284247928196,258.7697354506407,16.51031459063138,55.23941557688988,183.24266921743651
2126,19.923617339696527,287.97840513147634,13.880674632331615,58.87796088309848,181.55331806631355
2219,7.608428738292309,145.028503120258,16.516049785099145,69.91473424558176,160.66236189365978
1773,10.943630283539882,307.15377709962587,20.851717267750015,78.959081708912,186.67983206462685
1876,16.37357713556137,321.8429764297299,10.135812423705564,51.51250320806628,159.94946688729647
1991,15.440309270806884,133.07134621334268,18.841809842270457,76.71152962565799,226.65959447120517
1883,7.308438595097826,345.0564418145666,19.199375273310686,67.30643603933626,246.62742977481858
2373,17.237496874859268,92.21345841462752,19.565323703439034,66.91758700266871,247.0074456666707
1046,8.36660857754991,110.60470052074699,13.630331199713158,65.00835605623281,236.50710993753938
1866,8.357264222339346,105.26745177140783,20.710790850671902,52.0818225771255,210.0792149339619
1822,13.054616343401204,318.1969130023611,11.370872294976646,52.69630555208482,220.086569724388
1935,13.894099022625547,246.28776569748857,12.989055047002012,68.02736016977258,178.5205802680414
1655,13.701293117567168,95.63128496668186,23.16205069981723,60.22875714306675,213.07704201726207
1268,6.3723025609663235,182.0970255105047,21.080847260898494,77.51804199733041,195.56495494398774
1369,18.161912939455704,234.5894075209406,10.206183310170179,62.197716120784165,198.20173397769327
1635,8.98400063883059,75.03922549681499,13.725643905547003,54.298443761079234,225.77765603751578
2129,6.942723819242063,314.72491052220164,13.216097244897469,71.44156500506108,178.19183555972518
1656,18.331221198034658,291.08106063246055,14.062094920554589,58.80060264323029,181.80396116945198
1119,19.3347724734463,201.56203207299146,13.713396554198296,65.7641092206768,242.46417911286366
1830,17.93191425898176,340.1379845777511,10.937894436142686,70.93498356515511,155.62242948509723
2081,17.142741120873172,175.3282937825299,16.884107748952303,77.0079233360621,198.56342984133403
2369,14.828629709585325,345.2330957109493,20.991002121792476,73.76573584405028,241.28008004078617
1740,13.26286055913709,250.37599964108813,19.100975870761545,70.29083203618173,211.0363007818157
2497,6.304801398671152,240.40138197618245,20.093075028971196,70.38899547185432,204.64070742121322
1116,11.12679819606048,99.7864685887355,11.217237678043588,78.3777393209626,174.97441792293552
1790,10.59032775518471,314.57832749139317,24.27236065265181,58.87472292489608,184.32754890644483
2150,8.896306756404893,178.24690637618454,22.577377507645373,50.033362825885625,235.2048415804693
2416,15.851301705328774,98.67002173474381,22.07635477743494,58.15863678194596,205.92181317684583
2012,12.438136026181562,53.78225599272771,22.34475707562651,56.53674138880232,201.474219375678
2081,6.215693238614719,217.92670509151478,23.99065762199142,69.85503755341995,159.9579713540029
1633,8.30274802924717,208.2198866368029,18.163809491705464,69.01134799296587,151.60281564551232
1512,15.248881454893938,265.80608671074754,13.004230268014389,67.80384148114172,246.3685188687049
1801,6.141962892354503,317.0774159053406,19.251754117788117,50.48730329628361,187.69861672868416
2119,17.76810371073153,73.82197539290885,21.143222405019085,71.86334163351943,210.32130620995042
2141,12.427197905209615,269.4489471021087,21.06876090031038,59.70591237456475,157.9715073187285
1559,12.20879865989972,106.22358322927467,17.8217353625032,69.95167967019893,218.31142857230464
1487,13.886116769892764,307.4531159471492,11.02688079000367,66.6973528550646,243.2566708705961
2260,17.370214488877238,295.7190541584968,15.566694076451917,60.28192776283721,207.56652529974195
1896,10.217138118532896,212.23812649566332,23.81149912695036,54.03728801312323,162.61153223754104
2295,15.170242288385953,263.0728395869935,18.766733646361388,52.832566929814426,208.17215274734767
2212,13.485979459936866,144.30503395512451,18.074979148835702,74.94554999336671,226.63472131046524
1703,9.00542405254132,191.3503696798444,14.032802715732902,77.55192626244674,190.64165365740186
2470,18.179449795327372,296.4910693131415,15.526733798748683,69.49364140292899,237.98377479414677
1580,16.961390324103924,187.77955915196418,23.43019133729754,53.1030234458145,214.86829533573643
1789,14.876777519876383,157.33947959763253,19.996945712902537,62.06081650664722,239.92489182892024
1860,17.75872593641363,198.26373417508998,21.810805401284995,71.86817600315472,212.35053112473372
1246,18.009413014397033,298.47477573116555,16.815181346014825,73.39462652030204,163.1287972004824
2099,15.625444650725521,150.56241421126182,19.453708291842368,53.54655866873266,180.96917111051891
1153,17.55519992545508,102.12847794072314,13.725754131148113,50.00092156536147,170.17949482524568
2458,15.462071925039254,263.60420609923426,20.581912454252294,71.36411137641815,240.88264977168623
1996,15.202111576404507,297.79346381242453,16.41402000555006,60.69788527958617,226.04000672874827
2109,14.279170673227764,80.19124355706,16.638182722221185,57.63443994854781,217.63983689100058
1696,16.290749593364616,121.96223382678342,19.739834868653226,50.386924093685764,180.09663196316217
2308,7.379076579396106,92.59159692829817,24.0442093220339,66.208982202845,168.40447720502135
2243,18.213061387983927,154.38242347464998,10.960095199129313,75.53452206277944,225.6451087988912
2092,18.07765291617848,185.1052936716238,22.371148560205114,78.72894938817764,197.41579458790795
2070,5.438709245518387,274.64790108899194,14.385746656182896,66.97234851839868,172.5789552150629
2008,17.38725125847144,245.34427546450223,16.658791817595667,65.43383983219682,211.6621978165275
1093,6.933048012101678,236.27857024352934,10.328699931625135,52.551691564677235,154.0333852138452
1957,10.026782813887127,155.71248398289632,14.515691167514696,66.46618404627799,182.61702541282534
2011,16.152623844374116,302.434265925428,17.539468639451957,61.399372368961835,196.85569945911345
1452,7.411398440724623,191.38615021944938,10.842641160211585,68.21405842650731,164.7958334109406
2227,17.26950536178593,343.73148140454634,17.36643594074748,61.6617904362964,248.46544775908396
1911,17.482012669366128,240.24264148872106,23.90665943287641,57.208973703511006,170.90973645896142
1217,12.612016006412542,87.87942246935083,11.580898271617079,52.8489582568513,163.03531300432655
1473,5.095788075752504,252.8532686226302,21.466610921132563,59.447553337666875,170.35348738868964
1431,9.30557199762369,147.5312046295097,16.14506580063989,52.89934502863257,226.90611331597242
1340,14.253903775636132,255.89815900582923,19.82760571786507,55.30690852471952,192.55056592718427
1550,19.717792670411352,70.89234444872173,13.903548969778441,79.62008475738638,206.54159397525382
2312,14.477202905250026,102.46443115278782,12.392383938120375,63.32310670719856,152.10091569863607
2277,8.897053715962397,306.7211776717359,12.406939214068396,65.95615299515049,153.44313085733145
1356,14.510085546494171,118.15386710705447,11.05737918464717,76.20855586211647,194.58255498270162
1022,13.099780695737833,301.112337572882,12.784700573518645,79.86706701472063,231.66552432016235
1521,16.697680927267154,133.7828265363231,19.963290774834526,67.48143348034044,238.52388787075654
2123,6.604709582404376,242.8645730176123,23.22535917765262,74.37421463132515,158.67065675956403
1801,16.41541853753042,258.24517205294933,22.211885283867428,59.808230730100256,203.83631021010228
2203,13.118998680141654,203.79642594351589,20.27701464811726,59.172318723418734,241.32296862792705
2246,19.44488005788492,141.5932030090194,11.65647795116654,62.081111629836805,188.79727543978862
1761,10.12808249058029,113.79331291132884,14.337811694439248,70.17521788020947,232.95658314283685
1441,14.489328397009222,59.95680636872787,14.647103129837035,70.46575067765296,163.3695654399436
1768,18.980421582650262,141.18392037221713,13.749354195964319,59.457183039483525,243.53944896677987
2015,6.537645919860189,245.9488371593849,17.725084895645846,53.99629772409886,225.14233175313026
2348,19.05842730854677,331.4914455345448,18.033307223195088,68.97188769396526,244.13343927869016
1515,15.318285834512201,311.3613446789156,15.353289627566653,53.849775865662934,217.66172335525064
2039,6.017555886577579,279.8194329605908,15.30683738104654,67.35477524687991,186.3403931999427
1791,9.514453504202244,286.5342029759896,22.428333968591218,70.80266384168927,243.81811725247223
1335,15.622581329679225,249.49547104279858,21.83939272479528,71.01834489183355,177.55667763091785
1257,6.010259022031575,128.0860572698009,14.616937475211184,72.6041633197879,183.21725220617327
1496,13.732556902644099,322.15850921174894,23.70682665809889,76.18578264696994,220.08084180017403
1895,10.188245854294351,251.2196935717502,24.292225255037593,64.99876975894365,226.53162995253862
1159,14.313732766512157,218.132189294132,14.901138130450612,71.90747568588714,242.94034838491538
2498,5.686130507187693,83.29684076404432,15.316374231895823,68.5751820609751,170.48024090562095
1851,18.073052092285643,184.11666314192763,17.584512301329383,55.59919819393048,229.7998035219224
1689,19.60233453766095,188.10748136057788,24.116812188005103,50.77068934608224,223.85460533969635
1379,19.53316782928537,309.369082856801,23.144791497134673,58.536241570308015,156.37945562535978
1956,16.24477747614387,213.99446605633653,11.538519438753847,63.291011190128586,188.7223141210207
1690,6.951293601959479,164.1201646911229,15.890961149071243,68.5131783328597,178.27654570600987
2450,16.373947938935338,343.0400985531978,18.30056784624658,75.49877991509616,180.44904243540304
2291,5.368803746882023,83.2161779978947,17.5469870882731,55.88737150118497,248.29468795547007
2440,5.331853272934959,176.76452849358338,12.90794601905339,53.76649369695431,214.2777413479928
2191,9.854153287243118,62.607402551421586,22.88225156752232,78.90439842422983,221.76761577934997
2066,12.329647856069986,271.9712362300791,20.15411174495256,53.24133678129221,247.6617637315009
1284,16.556111267116897,325.4229656597452,22.568625622777056,64.35473210321567,187.72017824576386
1396,15.249430649097578,134.0111988651468,22.881464190242085,67.56691186379905,230.1840168452806
1011,11.688540595651226,307.50250303973627,21.225337804986097,66.24123262722316,193.45309633044954
2325,9.104399994224988,137.66546913856934,16.58815901874576,52.5809647109883,236.95336718149798
2276,19.956867502365668,323.23104849317457,19.158201325231367,51.71080742010858,168.06575413113032
1498,11.392719533539594,276.18857107903517,12.405481091796148,53.16450282383107,244.76861770642796
1753,11.770805364945133,291.4720330524316,20.104681262123613,67.56763051617838,171.87717084108797
1034,7.454357317875038,55.40196668013635,12.688798836089212,66.33034662902963,182.62205069809315
1726,16.92214323124894,338.8431071222078,20.409243857652353,57.01222376110233,225.61922341067805
1848,15.40523338672233,268.00129762109697,13.443972411309531,69.13322425536775,189.37551415654067
1089,8.311544191831405,141.42532861584,11.7632695022533,74.60202506166948,210.82113767664467
1775,6.235715684237641,298.8183994576541,12.479267352144362,51.24736879539781,194.45735010694284
1604,15.207489531120697,134.45635952447898,10.029882028286053,64.94389830644127,224.2369937089782
1969,14.81766821421703,311.8261518698384,20.781094267802956,70.67931236308071,172.8331252368611
2021,9.098892904973141,83.7741171235811,20.986015735875686,57.569357812090615,155.8457987236877
1417,19.262953433756156,261.10579323823873,17.724000248698893,59.233127158794474,179.99293974730662
1114,7.265868376713503,212.2095429934731,12.420442015830755,68.40913708968151,197.43086648684303
1616,11.485022015639029,78.96034105863225,11.253315062660347,76.9380588033121,166.80200521926787
2219,19.154238802513984,122.56814847765169,10.286934496559304,74.29773260908698,185.47972896563886
1825,11.295909753891834,53.72121088319444,12.486222654478311,67.4939065729875,189.99830182935685
2098,14.577889214961283,190.63038963935176,23.362833024747204,71.90665153271748,155.73918436882735
1412,10.963915969441913,140.37957822800013,13.623052625525226,60.94467410623396,208.33072481842046
2399,9.113228035230051,229.50724528932764,15.314069908258235,69.22896584296274,238.43434279712875
2443,19.759664719397424,139.17134231258515,11.580182267219998,63.98544773382671,165.17429129530524
1728,11.140010094725646,139.97573345209543,13.335419571222555,55.69808409372683,209.7808013401514
2300,18.411488055187014,272.957959619481,17.788368561703077,71.05214821631772,216.47392049108464
2020,8.449319088366293,64.44285079350604,19.116290246434787,66.69393912046466,191.93346804192885
1760,8.19657056037625,320.8684985575962,13.680284712493165,60.75864745860774,220.109758736427
1675,5.46701124326767,305.67916231735444,10.865982388376757,77.34017570235892,191.0731543491012
2417,14.775002380638275,250.34140496792196,15.86549303691098,50.628023534802,200.4637287977435
1456,10.527895155856417,227.96647103221528,13.513050563895012,59.47319453748488,150.7353044554427
1919,17.965373747594555,317.69074944189566,13.29330884844703,51.706441933329394,219.17201141346888
1191,12.098148600373356,105.59905385861433,24.397942040701828,72.99581948664881,216.13426789447243
1738,19.522901418720828,73.69074865724858,19.244507288885863,71.06322362341378,153.84008773263446
2122,7.782882735546817,121.85305097286144,18.35317664758144,59.940566562089515,186.82501073951332
1977,18.02934751933416,288.37348361005706,16.236626552849827,70.26988706621219,247.90318407916675
2008,16.648952791876127,60.401080017945,16.434165001452165,61.8781167858785,192.07365625686168
1095,16.563827669660782,224.8420505250469,18.11357505757121,72.68761374267302,200.19454051318417
1662,17.671748421753314,348.631254857393,20.44644710554161,63.625509882101184,240.99301581597186
2213,16.415359864144982,306.7088281512618,20.53219144272744,62.36839183494997,221.72618758657563
1036,14.393304824471231,206.43370671307684,12.575408615581743,78.04189746464903,208.20701311242237
2392,6.968673165235813,69.0922727859927,17.501691281149405,57.52637299672101,229.78046813410725
1278,5.487892692368779,299.4120543157129,16.17937142551153,53.613420199896964,236.43662664559733
1216,18.8127177172353,229.69355245316316,23.057904494040763,67.53629339778374,195.68880717372667
1866,14.24975471781107,84.47989911787005,19.471283818275644,79.07965436852537,197.51083649318355
1872,16.948059364642646,78.15718544700687,17.98756099623973,61.335176411815596,188.60509356518358
2296,12.22283527268825,322.8880458309777,11.730919632683761,51.861102908863444,246.67061400184605
1061,6.759622834435917,250.76007888142354,19.084568339851174,60.17915801928702,219.71662542903505
1595,6.877786883038256,298.7860397950267,11.758058585203502,65.17794962958675,158.32230662080724
1728,15.28347930843457,313.6936700846802,15.058098633486281,54.85769019896641,236.29596233130184
2365,11.454588423491941,221.53170561449667,12.142629472214978,69.74306654169476,198.0559940836268
1396,8.00787090050505,205.2339055265124,20.381104705365534,79.93248167030602,156.87539064224876
1698,12.373918201121553,179.12822309629706,13.09378170754229,63.55218427944332,204.9717255163311
2042,5.963134056127012,145.0839763373358,15.87789059782039,60.64185670190638,191.7164278975702
1176,13.729571028715982,180.37878825761354,23.43512166428168,62.021125005034,237.7749404862625
1395,9.034901066526466,282.1638967190469,13.064745750984555,53.45438535185603,170.39946036093875
1444,16.96338650955782,230.57702930453948,17.617075959381687,76.49820804278671,232.6464609492183
2256,9.655429383853606,317.75698698645385,16.289074917490332,62.44476966564056,205.76886911854527
1075,11.828302236227017,183.01400431375632,10.271860615685945,61.61823234274524,155.4610303213469
1264,5.174308098621509,232.1268736156262,21.891371703592192,69.79070818791423,247.18453013254845
1454,6.086703316918383,239.3922659275966,11.035688594718996,63.261002627933706,201.26152441032
1717,10.887403346100271,227.50914869189765,17.113825314654303,69.44700406423539,179.08768542315823
1734,12.199082520756853,260.7901319256549,18.41017442408425,51.84338870392362,196.9406841989258
2407,14.000308221789556,121.23004051244189,19.426396849218804,74.41170031166682,235.7857783517489
1850,9.374938680639548,203.7091332637372,20.32947443961813,78.21511858638208,180.49031243850635
2390,15.424728291898138,81.2674408425043,13.799085752840726,69.46296158478158,169.26763964867004
1143,17.901835957838067,165.35339829344377,10.14968164987674,78.63697786576432,162.90712469308815
1884,16.69776483340025,196.30012058637934,20.85165493532368,54.542969431098896,179.78593983902113
2092,5.594282380225357,245.66727786364174,18.03484899021368,64.32248568441061,228.00480870400435
2122,12.207604208867433,335.15931577586105,22.54176554810873,68.05420201836341,197.16263651952616
1395,6.573952676272623,230.19531996450675,22.320825443510415,67.4520994226356,172.748160369354
2048,8.630675237937911,273.07817485296795,22.649892516818248,62.04385337267129,166.61849996097493
1947,19.799938899007195,201.87981784856083,17.276419899693103,60.142532280987844,183.2729476510379
1890,7.137433143522698,240.2312094128994,15.004425937552984,53.80472067651257,243.9924372885709
2492,12.483322301770341,71.27966484013203,21.87337303887055,61.75227351686834,184.30267125900244
2174,14.272336014771787,126.31747425255409,16.769411695438823,54.87982445316455,248.81240759546353
2167,15.536974558161559,158.5559279615416,12.751632946051519,72.03097029476655,198.52304557653562
1568,13.394730252303711,191.74800650195408,22.824610293422115,56.2649280648377,167.91639182901508
2062,5.146562711287755,63.69462365071512,23.23839815158521,51.75695915853601,239.11400917935094
1108,9.896919623659878,92.0072292659953,16.994646342102552,66.57098413451703,196.03553731348268
2065,12.765674650770672,133.04429233739174,11.135495909646812,67.85689198158205,220.96713435045245
2209,6.3179974871725,341.4598072703152,15.817391348753969,76.15739183841517,248.37115832091519
1934,10.259403968137711,149.40410213091525,22.05306489193905,67.30944837253045,155.0175350319974
1397,5.498046631870499,194.61231743362475,23.52661042819343,60.36442561170337,159.6694559787567
2246,6.178677457325311,108.82931382151787,13.052091137463938,74.09035644578961,222.04567414627562
1633,10.953849143023941,233.23402132273048,11.004604180379072,66.20836679562262,178.1825003295472
2156,6.9907363106459055,134.2049646547923,23.16025679699258,52.37840853893575,168.4301396950099
2186,13.513112723923372,112.09777353152803,15.841074084683129,66.97551680939739,153.93618798197295
2238,15.341974537058986,204.97178853379373,18.12641446401345,77.24055636264987,152.18467119862018
1732,17.008800486636243,51.651739748126246,24.520987180761384,61.88937876494661,227.4485603119791
1234,8.002253663672152,52.2992097947676,10.998470918713343,58.889774056994,163.443342736955
1657,7.512238733886046,115.72064273055733,19.72477011178143,54.3040837105406,196.77206159711508
1750,6.5685176050160035,61.01640875024634,11.111581338623006,54.54336565806072,210.5896815179483
1587,14.54645374315455,82.40772623920742,15.632033926997504,62.98314453025456,192.8351800568846
2032,15.597135897303517,151.65819480162548,22.057218177901703,67.87039472484588,152.7106652336233
2097,5.473792172384631,290.7757038739438,16.502083491334517,52.41846215508805,228.3501502587909
1953,19.043183693655347,221.61459301079026,24.957735308544258,78.18705767075497,151.05132245416536
1491,5.7795692547720865,203.80031778692492,18.38588927419903,72.65400852335588,226.1889894377484
1912,13.119445029516058,138.0466469624365,14.817432289539301,67.59871754850988,239.33044937881226
2276,15.635907791763746,329.5261158298449,13.301669888571297,74.85316012816972,193.28399210571723
2253,18.064536856191282,169.1045123711575,15.257808014292428,52.405602704363396,203.55424730977984
2197,15.711303981986417,76.12783003873145,15.587999106393262,64.30516633199373,197.69833926176537
2191,17.025921246046877,235.1199548353404,11.030705165859414,68.90279380584991,188.92086186234388
1169,10.091752888142091,84.15151804298043,15.543612991401599,74.85958718354868,238.74245353703603
2416,17.222376706197686,153.56694284050764,16.963577796088373,73.50408680147802,239.39335106699906
1945,6.201722695770127,202.22358161534265,20.84106628358207,58.31207749140199,183.58163646415346
1794,18.422249840907917,312.26675740555277,19.85094227082412,78.22640508677613,211.5069754014698
1633,13.213885642306044,198.0639741020356,20.631484828437316,53.73037524292611,242.69075621458643
2217,17.259466549437406,260.6776298094993,10.125455228152857,76.25400855863457,246.20584989413516
1028,11.784774267774502,347.8450516997211,13.26501099370804,79.12820748813856,200.89590404220476
2188,14.653665427947875,89.4467359693945,19.925264325997848,55.31460569667877,195.28248052843267
2445,12.896039914041697,132.41945765585587,17.25984052269621,71.66198192611355,177.86943159285258
1338,15.973842826329978,168.3728226792939,10.079702135025189,51.20856556333995,245.887187319041
2388,6.2244497304588435,176.5484535616494,22.067419636477336,62.16268475417465,164.28143044728674
2365,5.905281259858457,173.30632257966374,21.59214359935506,65.48849897593021,207.9829576047725
1499,8.706548510152196,322.2833007669665,18.22628744490344,67.41935677728902,178.25502675186388
1510,7.393170201697825,264.20979334005693,10.996949886644082,78.07811744745678,177.90082903477966
2350,18.076753498883026,232.37156422721114,21.49772574298877,70.16752061882585,190.49685873761885
1216,8.288209810370665,142.81181535883462,18.75570381597046,64.4383385365771,249.87929358156543
2324,19.63797883728697,297.1371152663884,21.729399657369388,74.29025108797669,155.4966306839822
2155,10.053436876566604,336.5181534454967,21.276204885937606,78.51598462863227,207.85418182035315
2093,7.731768735330489,296.3594847650679,22.045031079367558,50.66198446046872,158.2572158035277
2275,16.845477607137187,50.46953155744187,17.770120996069373,79.47563816768115,165.4520829990519
2438,14.880616632513142,240.9204110550221,12.104867772902725,52.58396417191041,193.95629417728986
1444,12.472935746797084,65.34061443263022,20.06736210069533,74.43160337806285,201.0460131346441
1875,13.330453264064468,127.28216610011656,19.30710677577956,58.410042576542374,175.8792408364524
2205,15.788026674083957,67.8574101043315,21.13379780798631,53.96538973261615,181.6457130874416
1166,8.426821119969482,231.13863588481632,12.54821509076103,63.19566919141505,158.6967020255933
1090,19.94500874085113,255.97697404778202,12.924627998504338,69.3186973834284,180.32197838442505
1713,19.62189743220175,84.34629141977153,23.356142758289927,61.42855535070425,246.6558439380544
1038,14.754885295204053,165.15166491349385,21.249666976781064,51.63696224848097,244.47073816724816
2149,7.993136763937176,186.8709526866626,23.623427330504846,67.9838341897615,183.4878290136985
2474,15.20342363646937,160.71590652827496,21.38072981745881,77.07209828332024,207.08539362787616
1172,6.082976134687637,86.30750014555792,18.957329589854528,61.49646097841755,240.95953911109444
1652,5.459787533087091,175.6843370562426,19.811991055418105,56.48998332892481,150.61838226408966
1753,8.865243327668205,275.3534143425254,23.33691885910015,63.27732037798446,231.06835703375918
2243,11.939344351089744,71.30229935997664,18.682101317679106,51.45088133146343,244.83695527889188
2081,18.024087581125706,74.05400422457103,19.48586986492581,74.61462753440824,159.1325734333557
1475,15.90753604649462,156.43138755079525,12.347150740054008,74.7902243285056,166.1447686032921
1455,16.140597817999716,332.5177134856775,17.10881830174154,67.64001390288885,246.07463027713555
1828,11.38240001672113,250.5717940168742,20.745956679371485,60.593086668151685,203.75401436403462
1894,10.189024888204443,253.60098700176945,14.064140474745482,73.9935009333735,151.41966344717238
2384,10.565581444769041,158.5759972513595,13.033812707868023,66.64061074365102,175.76319987635293
2024,19.814743456040866,228.09823736256152,14.707402123366233,74.77796925650048,194.99436742688596
1386,5.601637871187237,53.039355208323016,13.622509419892502,68.94376377749062,219.29089110247676
1347,18.00547244183673,240.82881392286265,13.223689555545938,73.53216419638392,223.31603781367994
1189,13.6801311285859,323.98608427287104,16.372762643021304,67.9568897965328,249.5421512925456
1504,11.579231287843857,233.77204050344577,23.61757770825301,62.42423204646999,178.7511199383759
2214,15.878864906227047,312.1095780399035,17.605894701080775,78.73837579778413,203.82201018684754
2392,12.300034121370544,267.19191663982815,12.818805712229846,66.23341474636534,203.3323547859605
2432,18.10134857122491,86.16752492110707,11.15457504071311,68.15268555621616,190.56452594472375
1823,18.51052796016888,320.73599218575254,20.44234217706888,56.61462918244248,166.91618938424202
1928,11.325813903101832,69.93315330673246,15.741981466545816,68.76952368281829,247.74565631838425
1933,9.152416958525773,210.19024176432913,22.32746419878039,67.14822948448831,235.33171866665862
2140,13.885254928900434,92.6411371380373,19.89266152961155,55.54515193841075,199.83330282942373
1133,18.685450184250364,53.51198321927122,21.94362175812053,51.78761292059431,210.32454226840298
1057,8.159932835084998,176.6102780382917,14.079190591276731,68.13077959144313,172.72610535596624
1684,14.344498753452243,138.51221229624687,20.38538383691587,72.91076808050961,204.37870703917469
1671,14.473403301387808,195.8001481392809,13.960929770405782,65.70204112766025,219.4970133121476
1172,15.996695336229214,223.15996602036523,24.086027191754376,56.80317875958937,201.5167028386589
1814,6.973515276908897,63.121721692684204,19.545614223000616,69.99565930079105,249.02851705849412
2172,15.737374470231329,86.9009885371237,14.867677002630131,52.40317179828807,211.1341656247726
1079,18.635487809984618,217.5927189351276,14.04267793438409,63.25501114405864,187.0973712592169
1885,7.69524663305363,152.95020595179747,12.863898776074652,54.9010027519526,227.2152027615838
2236,8.563149873858166,268.7520462648344,20.419614383405914,55.5337715317965,167.0462511581642
1202,19.570926410624594,245.6874945775819,13.28073419496891,56.06881847474611,188.45158137062666
1763,7.714654290642347,303.68130889697204,18.929548988912337,61.60121171131934,184.6958950377586
2252,17.815776400543687,257.7478480007676,13.969525403880361,51.53450616861193,193.18070951077772
2250,12.384167846720523,178.97932321704445,19.92953417190803,61.93380322787294,228.17798259287264
2464,8.708466116047656,251.8899867183297,22.22409592810809,65.35122341344102,198.41730321634074
2425,18.06124851908767,132.61435227662554,21.670378647169798,64.49882854898976,229.40144502659626
1046,11.679578825039982,141.8940496334638,21.412769963961725,61.48352301209122,207.64889031398658
2256,12.722260308945353,286.695547976238,12.815836085383781,75.17439824212258,184.20694346575553
2328,10.388500540996485,183.92585492047465,11.32577420476778,54.359800772615124,230.99787436834725
2166,13.89426277152391,289.5141021555057,20.484232427310786,65.17090231344122,173.82896705530916
2438,7.452858088775342,296.7267121004835,15.52520820691527,51.86124250869663,172.43829797997955
2396,10.86622304977641,307.2687012983851,16.48519339605021,52.13467036633729,200.4502924054836
2282,19.541184835029313,324.9905707523622,10.467236391900865,67.21597549031289,176.0849245962089
1655,8.872001490516913,179.2955661539889,13.893646739125739,66.98055274663463,150.90870349512164
1470,14.851049968119383,145.66004549634164,10.50514605811696,76.34100538533372,214.82975272988017
1970,9.877850963370424,224.65962397823415,23.187786589018714,66.7362102698022,201.10938214723978
2035,16.602096885299012,161.35172703128828,13.650950248277958,78.79373061214551,194.5517814493161
2353,6.963104910775248,230.3222500400699,18.36005754359512,51.46084545199789,246.69685146183153
1735,19.547315676178172,261.6757587931474,10.584689809916956,52.94023054342223,207.11991839629138
1783,11.80684312075459,256.521505547641,20.00271086958487,51.32197584711144,236.34315777893846
1967,8.54075695019696,162.3658661060364,14.845410186311408,55.5583055100062,163.94502362051603
1357,6.10245120995019,100.05806050962585,23.468787804364986,66.23810332825035,206.92064631294278
1971,7.546368576313111,179.15880153866226,23.321772834010538,69.36716544282284,236.7979626730903
2431,12.796609228340266,92.77824322457262,14.879359275426218,51.367554738460065,208.3105757279898
1667,10.055047646469294,317.0291105551425,23.51441343535702,78.37912669536797,221.80141781270015
1372,17.433250488239143,153.76323822135723,24.94236510248168,75.26496129951143,187.20435678122072
2031,11.46331285492709,96.33792416699714,22.38123496185922,58.898374464712795,159.24495170370665
2145,8.730714088814448,57.63432797172526,22.673070216328433,52.31562590679404,195.79002951270715
2371,14.25717479906045,243.74671588594526,13.735131041636349,55.09661219657172,189.44793908388576
1675,15.601658253281688,241.07069523642298,18.650535982866344,53.80833241264918,236.70601823789474
1089,7.505628618514248,152.1812499743875,11.008838709510517,53.69851337896841,174.39953023524723
1697,7.514288244324765,71.5135666542953,11.423769052325046,65.55685065997201,246.6734227535108
2339,5.550071404003145,172.88866846856962,24.98338918049936,57.37542327480201,245.8138119804496
2201,16.04603022598461,143.36524851901805,14.899588741388664,60.74419149587433,174.76316430714388
1539,14.957067914327077,253.1361919205028,21.222758680732696,79.68516000152968,184.80519554773204
1731,12.119463136247209,231.7337748358071,22.099975795402248,70.52942746776034,239.5555740873885
1868,17.662556734537958,159.378118459262,22.87034906510844,78.46942001141004,246.66222208961074
1040,17.085052294250797,115.36776627649704,24.964424461032348,54.27669665099347,194.3439102836044
1739,13.780315465951283,346.4107898466776,13.622447278853018,61.464184244977076,182.0997045640898
1501,18.02406920769888,186.20048635883447,10.605262402895496,66.64195409847062,202.6094013251542
1958,8.087618150551524,256.4822707340711,16.167872769918787,52.30274185666214,218.7769206365735
2168,6.678794290965918,92.16589027350824,11.951210047434204,50.12562330883873,177.347451537498
2224,9.046244172754843,195.67690989781934,10.336388337430828,70.11303001390752,223.64731746190728
1928,5.856302841339723,58.26101596083964,15.406402407122291,69.25458550404306,155.1657357114641
1460,12.96754292001548,201.636535373135,21.756073766128544,62.32366429998835,154.92944927644163
1731,19.049085384424423,339.2052221353107,18.492710368376063,64.68932228096098,188.62877051455453
1751,5.590153110027645,165.26201389574007,14.69166983815531,62.46329001776269,185.34731920607206
1924,6.831648710150402,61.698803772473475,19.815130082390795,50.720151345346665,181.56332153671522
1908,11.782985424251528,59.28673727580306,13.48027270463216,60.06114818652387,199.101976266891
2276,19.008125262918576,166.39602798406085,10.215721691081276,55.312467661918696,182.07335823115713
1389,9.742341574651258,98.00748093895821,21.46530079654641,52.95272567304106,169.2257918468092
1882,12.608522130325888,57.005628898455775,19.35614627296014,78.7016130166805,180.9469549088601
1255,5.6235928857558815,276.86408418505306,21.4345393675144,67.98079175126497,247.4904272810235
1708,7.225148014431333,187.55690266456722,10.584070250314983,71.85968852709809,191.11134169948485
1449,19.799451844382702,136.77343159179634,22.556794417459784,59.460912297983526,194.47127768583357
1009,19.476780446540683,320.0249549049442,19.292893000544552,61.79441388482046,207.654498995114
1823,5.074099714016144,84.84168806015768,18.450930260689603,57.10771981690171,248.33407684142264
1797,19.277176781348587,336.7756486865958,19.369210721717973,52.90897012896274,174.1601276435763
2265,14.586799067232505,144.19001521320584,22.96649870302546,55.37094912324751,218.12821105324338
2274,18.01877441780033,316.52110169260436,18.804047598383605,73.92542135889457,221.5984693541724
1876,11.821097834507887,230.88286294383846,18.714255698322688,70.32637415551328,210.7324416793066
2028,12.733940428688754,298.01220792244624,24.860187355986486,66.4078662795643,158.8578339636644
2142,12.332698703853803,345.2039489631393,21.35095250602852,64.25269618600305,217.68722758275766
2015,15.002963863191566,136.52163134562372,16.63440708176703,77.67302850968373,156.40947110361753
1373,7.094768821344694,338.3406456222779,20.610955000493917,52.18204843336005,209.6142649549897
2088,5.449603848090169,166.8445684707261,15.838457075376827,58.41802439713748,223.95811772217428
1145,9.618949123867864,165.6535714210767,13.433131937252485,60.49813560712142,171.09698906199503
1223,15.5702114410497,152.11613127635172,18.95277815331639,73.47277436638363,234.16220075427742
2262,8.027801781844225,212.42228220427555,23.92273147170927,79.77543860485915,153.03538055330043
1176,15.10148649987376,96.24351295354613,23.93709280023194,57.220115442714594,234.3812863658306
1852,19.548680691609057,216.11344560740335,15.128579171582356,76.22922002411242,196.03290506427652
2305,6.408510736841276,212.5114437230012,17.915161993325427,74.91868281295373,171.75879399316446
1062,15.089031773376893,278.57054378146097,13.174538478547918,56.739721929253,163.3778144993968
2240,11.656253289568568,300.09498858127563,24.93446664248325,61.979977405976676,245.33071675823726
1826,18.02213381566258,182.13240509372721,24.716768618019035,62.29018607877558,157.26655875811568
1794,7.657246841710789,140.6999748054481,19.742633945611708,79.34662005579675,169.90934199359256
1688,15.389389283392468,127.80046919512834,22.0662108951621,55.42675704136695,184.7822347433046
2484,17.571729344721653,108.38715101146158,20.7265024192555,73.97473913314346,212.02348489611205
1104,19.16921329211035,67.29427465970747,18.897373285592025,60.0257814251933,204.48010852760984
2122,15.248720424344688,152.734393650414,10.800219954833466,71.92611037328481,162.5643492412314
1510,12.45762146012641,131.07430763923497,16.821465138289916,62.600330128869885,178.97279837382146
1384,14.267708603018207,339.9252157599222,20.12179453251116,67.3507928934962,173.8751771086024
1404,18.033574767180774,217.31264787501317,20.16297420825527,74.97835319978392,171.35428544903414
1822,13.559146199582445,154.18311170915229,15.596839276335754,74.12496694951652,191.1144336479987
1517,5.455805895452553,224.1402802981088,24.12537979987046,75.99269550619101,220.40314525916568
1475,18.964230432604666,91.75901040370866,12.510355483551715,51.78851976033977,171.74529322172359
1708,15.342901265473417,183.21312476066086,17.50539169323341,70.76151659119235,186.66788797029812
1770,15.147700786658698,237.87029642631916,20.363259648262343,54.19962130165288,189.09174268411624
2460,8.235127285965758,196.66934953773543,20.457037088377138,62.47455704055233,247.64565294354102
2046,14.883282053489857,170.53364019629726,19.729584351532232,66.45765245164066,245.4666356879069
1996,10.907966084812378,348.15451666990947,14.129323201777902,62.082184542404924,230.01375827520758
1676,14.768494655622382,314.0944286446781,12.34309853029933,65.58835027409023,174.1658920819185
1713,6.598895454619861,237.02178744783203,19.539104902400663,79.89578926395858,156.80373140916697
2481,14.86767956904554,220.81320835468483,18.989531742091565,54.05651941138564,181.69041377206247
1082,19.991205886559996,236.19814394737523,12.690340154338614,70.26368136009276,176.6794549433831
2168,5.72318058290834,110.39363234672997,20.57708718355845,61.88002899156846,200.5925800146394
2108,19.65761276331976,168.5413229792956,16.827579876004847,53.99029396721986,227.7727910067793
2101,11.10361941084306,61.8378598672698,20.016408874047293,54.762102901229284,235.83229388788578
1456,18.061301755058885,192.663811246048,22.56050619655226,78.4781931873685,234.48640854105085
1000,16.735782260874103,212.90737518729895,12.545926428653846,76.38804490135286,185.96755612230677
1050,13.505243914800017,118.32492083096288,10.28717301995255,77.21125881245065,218.7234343460683
1684,16.076738138769898,339.20865414965414,21.6865387959368,79.7459832748216,181.283419752422
1716,18.177733419520216,322.8363832811726,19.145461377289237,56.24946170025554,156.09055432351826
2469,11.062104824765495,266.6429706367718,20.494593544331828,60.66318012092185,220.15652656029422
1448,9.90549742344858,210.01598862960878,22.57232462482964,70.076570897746,150.98275525697878
1880,15.01390078345377,310.9907478943055,22.04216402236751,64.51407619581941,190.91825874584885
1487,17.11768912911888,89.19570314703887,24.41380220393237,62.55168600135001,182.93792693020757
1033,16.434277021649237,287.15293828246547,18.039026182781775,60.73433748006779,219.33775385188522
2371,16.967204732879516,87.44624419005449,17.32743448989858,67.81341895830357,226.6245472760379
1094,11.533749722193996,288.2631987648216,16.02830799836095,67.26780285920246,180.4094635971284
2095,17.267513242625323,132.73027047540708,12.305365642663068,54.8437350219272,231.16270144448535
1153,6.8031358305591265,313.12717430545666,18.589108493230334,64.15219512555318,179.39167605049337
1249,13.167336469412744,333.21262814761934,14.155187864889681,66.6041532862955,194.63263599865613
1673,5.086379907471824,94.63879082153468,23.819612683194634,67.10860816194172,222.7018527014134
1437,9.868787448504055,188.80268151961806,18.747862064156465,56.303215787370554,219.29202292247885
1117,10.496923023070968,344.29621344880553,18.892602707621652,72.26814176756861,248.73684723122
1770,10.942590374138831,195.022230791944,15.32386991315515,50.75597284463209,172.5161024215932
2329,15.432008100347932,309.06425675436356,10.779840279665612,60.64495566629488,216.23179135395822
1267,10.828371519055185,226.61945663939596,10.47615648059483,73.406379456069,210.96819082757776
2077,11.730404339337959,162.59897237588058,16.350027162297962,66.91678763166207,241.509845449003
1235,8.563161963114911,135.73506665776108,11.268480671458567,57.83487297532581,165.6362141644875
1388,10.598776874440102,110.96692732582619,19.10270433310209,70.84859358029144,225.1798163586933
1989,8.409044408947272,278.53945741330915,23.214595084594862,67.0217283246822,206.82686162687685
1762,6.097938856526655,165.96215204690836,23.24372224778083,73.88730828369162,177.46658697879053
1400,14.051728900720668,203.38263866022535,19.885681151983484,72.0507555856947,197.4434914147174
1623,15.023191978325244,197.6976440003546,13.168477472093965,68.30323766108704,183.37765970697978
1766,14.292355190144217,223.18370876993936,22.94495247038308,64.64533025932442,207.93134027884608
2326,11.952410657008585,309.67314368736567,23.29140152969812,53.9954637700257,238.9000610814666
1918,10.696786702688447,344.22180307502884,12.94980377429438,57.839990536561515,206.9304984412202
2230,17.95000474357738,172.2752625721451,21.06139128656016,62.57298418751256,213.17224183265841
2252,12.786226777043272,298.2556766318909,14.297793233906845,67.97897861019166,201.87478471147094
1852,12.187728164445964,279.3583383964153,22.039604685293945,65.41123565645914,155.1165506445476
1577,5.384630987096536,222.05868543667196,24.95856849855404,58.645535778785884,173.28585568760943
1074,10.118717414392346,336.81414308357995,10.450390079940892,50.19393073369132,199.20017294320826
1434,10.702934281787856,110.14235465852084,23.46048798686398,64.88717665702441,181.0235283744705
1102,10.982341713453508,82.77926309288642,19.33945800397987,58.56877965686729,168.17635977611943
2445,13.702585538409984,306.1885900866266,24.600739287472315,72.03824902131605,200.41328419184384
1763,13.004038200903176,181.74494499012448,16.975142762896414,50.718387958114505,182.28097934478504
1737,14.11857639190167,304.09065626211816,22.710818958570606,67.54483433917372,175.81076431734147
1805,16.473248923131926,317.9270615586245,10.935911028974159,78.24422712518196,196.39854174403808
2329,17.1947860807414,68.73727808572143,15.029185751174435,55.23227801334499,163.3284258082173
1097,15.771846143397417,315.0394288958182,11.00524806626815,64.14948472251785,242.77457330754072
1797,19.33285543932402,184.49571661082666,24.630147002186057,52.74265975451414,236.7702097919239
2358,5.2734887401454245,203.12974670126965,22.25460860907755,68.77045736784058,220.76205857405353
1858,7.9366697852531916,237.97775332796306,22.788211318689555,66.51595041788677,160.6213827588456
1434,5.1134431246721315,327.914782019026,24.06947847150841,62.22096572638497,227.5877254469693
1446,14.712120712319045,55.73482832892921,11.27655229179678,65.64131064421224,230.79573281090188
2331,18.470458234249804,193.05304049534513,15.7839638877,76.89723975407031,226.7764617714338
1248,8.652234448644489,256.31661272916824,11.065523335660032,55.88882906933201,161.39658871192412
1165,18.9055181719446,266.81208730946855,13.16189652325043,50.67693535116042,214.3907957067765
1983,5.904010854343412,257.7597294611324,13.440486655565085,75.84994654097304,233.43247957493986
2358,19.016540402082715,90.33053882243655,17.03660816571368,67.3135124716372,207.73534012196677
2019,10.274340308594516,139.81867651150435,14.028432511804638,76.71975366385527,214.6407375228089
1541,6.521312426738248,157.61465762510403,11.514671602266416,67.90835670239518,195.83634794263062
1758,12.288076387794884,291.3311623038515,12.512366336411615,74.30483269879107,202.87073198840525
2129,8.85164851580762,133.6279617243659,12.209133453281364,62.890200900654435,153.43768583517252
1080,9.273093529428841,113.21148916016095,24.596151968684474,72.49579793864807,213.89630219732845
1132,9.609349473894298,337.23440571142885,21.389387603777102,77.39124400669567,158.14472128911592
1796,17.04538846748995,52.65898553404067,24.51642197904343,67.16368891166618,193.50145943402234
1899,13.087419150128817,349.3462567045935,16.59610729761863,55.423554516871384,179.2655097667408
1137,9.669615487340055,253.0463896572187,14.175527224939849,58.06392845090595,204.54279502117132
1183,14.155006749663775,298.5407898347351,21.9743979581378,55.95933730692217,163.3416335523207
2424,15.742260113347903,138.38581890385797,14.893808770617202,57.405710827871985,219.16434019733182
2353,9.089360011003006,54.29458330011799,14.490750605580224,59.19246348053109,229.50115369284703
1784,11.203236522880273,271.360855568459,13.487589883117469,66.65401360259565,166.33544497431564
1983,6.828291400054214,300.24337910020273,11.94518467336353,67.63974888391499,160.43130873518822
1068,7.717240243020205,272.14283958605574,13.846945915251489,62.794992417255834,164.5515482787359
1545,15.216767809474742,92.85508619025157,15.329796227108314,68.46262339462507,237.71275618985015
1052,7.721575215434404,276.0283766770907,20.109913122185958,52.44724776834098,202.81892617563562
2473,12.877450755005903,280.6768346322923,10.938472633291774,52.6336471117448,196.72609960075027
1204,15.63569392583649,247.56215470101648,13.157604094980144,55.15488381072976,160.67118191023542
1125,6.603153846421158,279.8347798386759,22.135354604375145,65.54232494121034,214.9556006756962
1042,13.509683294433554,303.77643190331963,12.203828853756562,56.41984036094941,236.799959189509
1110,8.848441755520456,234.08123427123752,15.139677197837823,58.49853210477732,232.81858693234528
1760,19.443903128563697,76.58141419090371,22.969883827872103,62.00938508518982,212.6054708980801
2206,12.25318470079887,196.28834290016326,12.32387966715164,74.3559837203114,157.52787166516737
1847,17.08988824662737,73.29480040148152,11.241052534272848,50.415864077385805,161.2397027176013
1094,13.253398132343927,172.26290930972925,17.268069926200162,69.48136460709867,154.93089871098246
2397,5.651187992822288,172.13194673768828,14.536292669178046,70.06629593122057,175.74792164924693
1899,14.497270633910336,69.80295324207248,18.45112546725781,73.9596734106991,163.56614671603776
1359,19.271050133099855,154.6461601908438,22.05707335725213,77.9825881718094,176.0048040252434
1899,14.024177302194968,83.29942963739445,12.057227322291148,50.604135468478695,188.50580557189616
1280,17.287832891401855,292.47056300276665,18.710486268314277,54.61351116539649,244.29827840711357
2218,18.263096950226117,334.3064077893412,17.58263140584796,76.58513882167979,211.0376059781692
2218,8.421196579233987,71.69494257738158,12.161181790197993,63.75555686561046,233.49737856829623
1666,8.1806725986234,336.5345621875104,19.359977282934736,66.93771916800391,221.0351500712332
1092,14.164714832764876,206.77297980102355,14.104606267911574,69.89081611169442,161.25031305266316
1671,11.165427047100572,139.86970338616217,17.317514778160188,70.37199813486912,223.5920406373949
1060,17.597919543000806,73.05862258284905,11.234084864155928,77.95221209949524,177.50988815591245
1633,18.500346850970168,200.18728042112534,16.893760858204345,79.90848252235008,213.91078469947064
2074,10.301320689540772,288.3546633472246,14.596952020642306,71.60472382792821,184.09619736429886
2426,8.55305838461723,262.1259431800095,22.335718167780314,58.61663627615452,249.7672263264659
2028,16.70788272865793,65.06780343919213,10.854680904960524,76.3925720688303,176.3551479496778
2489,9.122090533222043,71.87055061037105,16.27910912377495,51.47662743622285,177.91304707742697
1603,17.339214777705173,170.86198478979114,16.876471361971568,56.932425586234885,243.06722555623983
1681,11.356073804731443,138.58714821438298,20.87509114448678,76.92157152391144,152.46444046363226
1533,15.013248489372057,119.71529691681435,18.614313626353166,57.68574543318065,219.66889878731968
2428,6.4330297075200225,134.3013496726141,20.008185057912716,56.61953178865245,222.5326390735878
1837,14.357889870148595,291.0448229890654,21.65573928477634,54.143758794207415,233.63785774103994
1644,11.776515181058436,328.7684160895562,22.933044604872833,75.77335272940749,247.44393106384751
1232,13.79912694763211,171.53080835826992,14.708132450837057,65.0017477757326,247.56019191566526
1523,7.520213116172951,321.8333006397491,18.070340580458545,70.24679609162465,156.5276757566464
1345,16.053106174162732,146.4487103743646,22.601621176587997,57.17199152225089,232.18393227529026
2069,17.941956163148426,192.93109590313748,24.841766964475845,72.74121263033649,214.63099336573814
1545,8.251097001361636,117.80869934479992,23.342789665656447,72.80016634886296,214.7342134373091
2101,6.435718332802426,242.14281265275318,15.572008939365652,59.377940747249006,162.83499266146947
2096,5.3545787906950455,343.6943345524427,12.927497758279756,62.32047899030849,215.01871664456533
1793,14.62957250664899,231.04792881301358,17.34088806109883,56.29070832290603,248.24825806012478
1248,14.106410541331712,157.34422523406465,21.124621777540632,79.29683069968712,241.1818569539447
1046,13.20046119071105,244.3452337971585,17.38853606129946,69.36807731175234,193.91306608048507
2144,8.479206441739631,86.87620353961627,17.247712949705026,78.03631642146547,153.99479732860942
1213,10.86358993858272,316.5977240796196,22.57345631622701,59.101566308874,186.22934900002048
1238,13.917145027792596,200.9251852339509,15.421056686007795,73.45672738990669,232.63903116005554
2079,12.45150288288754,184.8049226118926,22.896920122174684,72.97575931654225,220.14991014651662
1349,19.81678280322331,225.75943653605574,16.102072014275855,70.74966955599625,195.93436555939564
1106,7.046596288350997,237.43515883682073,14.92349658517509,78.96916925800402,155.5101535158831
1830,15.427168310713906,71.53274186795392,16.809848667995485,61.80666008318947,192.68947278233026
1047,11.064781521564381,254.7851663670207,21.436704380123025,53.92151970769272,196.90249397178835
1336,11.42299422388422,122.57950409465887,11.890030417959913,70.15126577732183,242.8555532894136
2049,15.763966484872643,264.1857897519769,12.94628823808026,71.87929401431619,214.10861035821594
1803,15.386542269865545,296.760438315259,24.271672384946378,67.25181720376443,181.16529166546488
2280,19.868839905532823,291.1875522657561,12.63237441072036,56.20453679400189,202.53182644507214
1007,6.925914341811879,215.75029022236674,18.51590976896582,65.13367825008066,156.60553078221602
1624,6.561644740762495,206.05096769322535,18.689716999929068,59.36569209707388,247.25682356497367
2276,15.865082256931117,92.86278840182351,17.344366930753672,62.823995845000674,186.0059901930726
1718,13.675803755096137,282.6038451209407,19.67117872865228,69.35655727533992,197.78673549131358
1302,9.112409998397087,131.42281413401432,13.447400886964276,72.35644228072503,185.52839742369227
1638,6.191290534834799,199.00862684538396,18.289934016651223,56.966740727040296,218.25117301162
1055,6.2848737439464575,135.28222787825501,15.582598828703457,62.1597608194086,216.22321583295928
1725,18.412863119961774,90.14850889990794,19.925008894437838,58.074847129748875,221.53223105291357
1525,7.878009870781144,238.86730906752098,12.118353150597242,55.95894841585607,176.8143229611921
1473,9.850573431732812,66.29961044687116,18.563161252592145,73.50161659987515,181.5668481164066
1027,8.39984603340482,274.59357023786004,12.779055330749856,77.27758083310977,162.5251231096208
1077,10.32494458747906,145.276038578335,14.179645946725547,61.1069655705373,215.55099718461128
2239,6.0413576411914,50.040407901345596,13.280647004853748,72.53836773121301,153.97971273356526
2409,12.785896863624055,203.33874177116894,12.742566698032256,76.90985868093233,209.76823355234592
1364,6.014188453883223,64.05557255828094,22.385664273410004,75.38372631590696,236.9695884851634
1665,17.005347617335424,132.85086734626984,14.285613514913354,55.48440165617678,239.08321482896335
1525,8.505681228656496,262.09294623671485,23.90685672796674,78.68875644540084,194.90377603699616
1698,13.100178719067658,68.80688648655976,24.54889788017786,61.30029321288387,195.93036882130738
2335,18.20118631342187,301.8015477068007,18.56890704905646,60.17721983521509,157.69691830080174
1882,14.763160535707913,51.14597679757493,12.145016839985896,51.87293981833341,217.0765025443036
2030,12.994366798270029,124.04716076057068,15.618223650693718,64.58520962314648,232.12594203728455
2026,9.865006296730634,272.27121684562144,21.96598395022321,53.27040846922786,174.46550546047132
1918,9.995028695872968,144.88104491879204,15.510860930456058,57.45619462782278,192.13008816333647
1749,15.042304327972852,80.56771641980406,11.305258274541831,59.50827865301844,233.88393367652702
1362,19.91209041831751,158.07017564012835,18.35177366392282,74.26478970475051,237.7120467662288
2297,14.927587847740678,131.11798591535768,22.67681277244052,76.2646595118769,174.3179980264226
1805,13.366751260550373,302.81357064816643,21.938895807152534,59.07398952384409,205.05706345413643
1738,15.959757653588692,144.00437527554294,12.626847101955299,75.76094363733722,169.2493150635827
2038,11.978084184255772,286.67974153280215,20.091469216187,75.71692812109373,160.18787641395565
2215,5.902135139011778,317.5616434432204,13.307563951534707,72.9395285115462,241.11205013919576
1484,13.434452238168648,180.14522587295886,13.273113018282583,54.40085342045545,232.0507504232109
1027,19.364379267580702,322.9829431563176,23.11107659957778,70.70968540702187,226.00349018031739
1713,7.6295441353648945,163.19541618895784,13.745034291103453,78.35072193741706,154.87663188131404
2062,15.350073362309987,339.22352494703244,13.948710197770168,70.47621436301472,234.37287927102574
2296,8.014005329885848,76.78685735767188,10.009800861419492,59.948505473235016,193.80440759053837
2254,13.037415267096218,256.1057799509728,23.060035511882766,65.01737952292494,184.23951232958598
1085,6.4501467447007945,198.1442121370786,21.88892219813702,69.37175130053161,204.64763610253766
2497,11.755564043872777,166.2946416366941,19.40993402636017,65.3171122618551,159.13532427235558
1125,16.34244993342869,239.81356362458027,21.253986459082633,53.598588251929094,225.66465493523987
1811,10.21357286358473,261.15712749029933,12.280728511367377,59.361921339560624,208.2435076888296
1536,14.97367586730827,51.30898089509272,16.87485391881363,74.07188091660898,168.65900968731677
1144,16.93174941184594,100.08592662415961,15.268290810231713,75.84254138286552,168.82321997690457
2235,18.90766729219179,263.9138151902956,11.406647893855247,54.11900098146711,168.42486515726742
1024,8.519631227831804,249.91562407346194,17.29195727822386,78.57160257196173,155.7002387551934
2417,10.989738737139621,339.8142515386032,23.81109475513953,59.86467853545828,208.7798449371685
1066,7.286240199956262,278.31133707523486,10.600886785760418,69.8694121619216,234.0348177588508
1232,19.887252532375626,335.2318123194014,14.371913702406907,72.55475437870044,151.74982139873887
1108,18.90501451886443,260.76215046044206,13.113114043085552,74.3583870391365,154.90046449712736
2169,13.099356954208394,139.41566259183293,13.572199804985445,78.37249106677791,207.2770276686946
1110,17.63049941564632,81.60947667525694,23.62651827819063,59.38758644086468,231.94956853860523
1227,12.814369659080633,284.5471590034807,17.021035813514352,75.75519363654664,182.67388905686335
1110,14.353785320041396,243.24476644277476,16.994491194097282,53.95060710308621,184.96143988077222
2493,6.336866481740249,64.45580371798887,21.408634636829234,71.15122719060778,209.63464974967758
1033,16.32905630745212,158.0151397702935,12.317383060073887,72.25933188541958,177.4212889124147
1622,6.915702254528522,337.03994464528586,17.30898031150076,70.33169723603962,152.6608366077684
2392,17.391014453787925,200.12034371306038,16.449778211815897,57.569442084054586,223.5228518101596
1747,16.73042131505579,179.8187408059114,18.95366035819984,76.1912944104561,212.5649912941453
1594,15.631170466144647,187.3098815477882,24.99336554875658,55.06575390111185,208.07559990556592
1424,5.542405707871431,112.66481720154911,21.54173341123071,51.60904374562492,224.16841289918233
1612,9.546925339179928,160.61215125943858,15.967985545261408,71.52394971835736,217.52308375620373
1691,8.946688548662642,160.94397679615298,22.413295784110705,64.26427145698202,170.5881988178321
2305,10.402046112072785,65.70650605624172,12.560625449687203,75.47294059876029,185.2481046943351
2343,6.314641201457578,280.2702885553755,10.456955294634401,61.50191423174777,162.6110141678625
2466,19.05436734546594,174.95132957116368,13.066725586964097,55.048357655231385,162.98570134178811
1314,13.307033610685645,296.65396604492696,15.106173341713895,75.0932657740961,217.61957463565392
1876,9.582864659870353,305.10440033596865,17.6587113618934,66.46728894920216,235.86001069824982
2400,10.95472275611425,113.59821640959743,19.226937108117998,55.67587377171065,246.27325838611392
2312,11.708038107572534,247.20604465103858,23.659085758216328,71.61151995759337,212.83471175494444
2460,14.00891500040926,191.6845412488945,17.647810143256866,65.33340915468501,168.4101323360957
1661,12.735191415447467,314.0470213764455,17.51913466938594,68.12938946720959,160.56503454489308
1276,18.79087959821626,114.72220375293624,10.753645147344733,63.826950146197454,231.2850971536758
1623,12.454452243587454,253.34396009301327,10.523673289843357,74.8612695145402,207.87564763599994
1515,19.882370222349692,232.32563667581678,18.26739942874558,74.88688147049149,211.82850210137198
2373,17.77137436617644,138.59044327154982,16.57267919872517,71.28166465473159,228.1462088754709
1842,8.127657715360037,90.98027109535178,22.58770592470448,53.16204132189387,220.32772277324517
2469,18.958928219658745,245.49192814318297,12.410193770677678,75.16561585712206,233.44582528560966
1349,6.745495968282142,271.5792374396992,10.374574931755744,70.1303894159873,155.62139054598785
1822,17.261745627367873,144.688203129005,16.73558151895189,70.91072498012899,224.7520636746505
2160,10.709349402148701,243.44978120669413,13.562178351283862,60.88948521211615,235.08527573220954
1758,18.169614806676044,168.539272283451,10.744215600082562,76.3783866847102,178.61350424583142
1898,18.020850351611756,263.96206498478534,20.868974302714435,71.76114800704572,214.04472739932527
